lacode,round,swab,issued
E06000015,round 1,383,1408
E06000016,round 1,268,1705
E06000017,round 1,383,969
E06000018,round 1,319,1931
E07000032,round 1,365,997
E07000033,round 1,387,1205
E07000034,round 1,379,1147
E07000035,round 1,380,937
E07000036,round 1,393,1085
E07000037,round 1,417,1125
E07000038,round 1,390,1021
E07000039,round 1,462,1057
E07000129,round 1,407,1023
E07000130,round 1,403,1161
E07000131,round 1,408,938
E07000132,round 1,440,1048
E07000133,round 1,418,1017
E07000134,round 1,417,1036
E07000135,round 1,377,1185
E07000136,round 1,324,1262
E07000137,round 1,339,987
E07000138,round 1,372,1492
E07000139,round 1,432,979
E07000140,round 1,347,1060
E07000141,round 1,372,966
E07000142,round 1,383,1014
E07000150,round 1,402,1487
E07000151,round 1,402,1006
E07000152,round 1,409,1080
E07000153,round 1,389,1139
E07000154,round 1,379,1381
E07000155,round 1,412,942
E07000156,round 1,354,1206
E07000170,round 1,422,1253
E07000171,round 1,414,1235
E07000172,round 1,403,1125
E07000173,round 1,401,1076
E07000174,round 1,376,1258
E07000175,round 1,397,1130
E07000176,round 1,434,1010
E06000031,round 1,330,1375
E06000032,round 1,311,1667
E06000033,round 1,403,1340
E06000034,round 1,430,1528
E06000055,round 1,390,1237
E06000056,round 1,429,1069
E07000008,round 1,403,1692
E07000009,round 1,404,1079
E07000010,round 1,316,1063
E07000011,round 1,382,1038
E07000012,round 1,413,1014
E07000066,round 1,385,1276
E07000067,round 1,428,1057
E07000068,round 1,404,1047
E07000069,round 1,450,1212
E07000070,round 1,410,1117
E07000071,round 1,336,1212
E07000072,round 1,401,1179
E07000073,round 1,380,1452
E07000074,round 1,384,984
E07000075,round 1,453,1095
E07000076,round 1,352,1023
E07000077,round 1,468,1057
E07000095,round 1,404,1280
E07000096,round 1,443,1150
E07000098,round 1,456,1338
E07000099,round 1,454,1112
E07000102,round 1,431,1167
E07000103,round 1,318,1494
E07000143,round 1,348,996
E07000144,round 1,418,937
E07000145,round 1,294,1128
E07000146,round 1,384,1033
E07000147,round 1,352,937
E07000148,round 1,402,1483
E07000149,round 1,360,937
E07000200,round 1,375,937
E07000202,round 1,371,1279
E07000203,round 1,381,937
E07000240,round 1,460,1112
E07000241,round 1,438,1322
E07000242,round 1,432,1089
E07000243,round 1,410,1339
E07000244,round 1,362,979
E07000245,round 1,389,1060
E09000002,round 1,267,1914
E09000003,round 1,356,1560
E09000004,round 1,395,1349
E09000005,round 1,231,1950
E09000006,round 1,441,1274
E09000007,round 1,326,1949
E09000008,round 1,307,1647
E09000009,round 1,279,1746
E09000010,round 1,280,1557
E09000011,round 1,355,1753
E09000012,round 1,274,1949
E09000013,round 1,321,1950
E09000014,round 1,314,1950
E09000015,round 1,320,1557
E09000016,round 1,388,1259
E09000017,round 1,356,1607
E09000018,round 1,291,1780
E09000019,round 1,368,1950
E09000020,round 1,246,1950
E09000021,round 1,426,1488
E09000022,round 1,335,1950
E09000023,round 1,399,1916
E09000024,round 1,288,1712
E09000025,round 1,223,1950
E09000026,round 1,314,1657
E09000027,round 1,486,1351
E09000028,round 1,267,1950
E09000029,round 1,398,1346
E09000030,round 1,302,1950
E09000031,round 1,338,1787
E09000032,round 1,420,1949
E09000033,round 1,273,1947
E06000001,round 1,340,1313
E06000002,round 1,330,1496
E06000003,round 1,364,1193
E06000004,round 1,379,1260
E06000005,round 1,313,1177
E06000047,round 1,379,1168
E06000057,round 1,382,1041
E08000021,round 1,370,1539
E08000022,round 1,438,1156
E08000023,round 1,413,1343
E08000024,round 1,433,1338
E08000037,round 1,410,1300
E06000006,round 1,371,1552
E06000007,round 1,425,1260
E06000008,round 1,336,1683
E06000009,round 1,385,1524
E06000049,round 1,441,1121
E06000050,round 1,452,1205
E07000026,round 1,421,1199
E07000027,round 1,458,1384
E07000028,round 1,398,1140
E07000029,round 1,407,1132
E07000030,round 1,408,1014
E07000031,round 1,412,1025
E07000117,round 1,369,1415
E07000118,round 1,464,1255
E07000119,round 1,400,1064
E07000120,round 1,376,1432
E07000121,round 1,329,1218
E07000122,round 1,385,1457
E07000123,round 1,363,1554
E07000124,round 1,407,1022
E07000125,round 1,454,1284
E07000126,round 1,437,1155
E07000127,round 1,409,1261
E07000128,round 1,382,1148
E08000001,round 1,416,1528
E08000002,round 1,421,1390
E08000003,round 1,310,1949
E08000004,round 1,424,1619
E08000005,round 1,385,1533
E08000006,round 1,403,1737
E08000007,round 1,470,1270
E08000008,round 1,421,1558
E08000009,round 1,436,1303
E08000010,round 1,444,1383
E08000011,round 1,406,1758
E08000012,round 1,339,1805
E08000013,round 1,388,1377
E08000014,round 1,417,1276
E08000015,round 1,407,1314
E06000035,round 1,404,1340
E06000036,round 1,452,1234
E06000037,round 1,452,1113
E06000038,round 1,404,1616
E06000039,round 1,309,1947
E06000040,round 1,453,1258
E06000041,round 1,457,1091
E06000042,round 1,401,1319
E06000043,round 1,518,1589
E06000044,round 1,366,1583
E06000045,round 1,388,1616
E06000046,round 1,286,1036
E07000004,round 1,415,1165
E07000005,round 1,466,1048
E07000006,round 1,459,1175
E07000007,round 1,424,1239
E07000061,round 1,380,1216
E07000062,round 1,401,1350
E07000063,round 1,395,1014
E07000064,round 1,356,997
E07000065,round 1,371,992
E07000084,round 1,468,1168
E07000085,round 1,443,1032
E07000086,round 1,396,1079
E07000087,round 1,385,966
E07000088,round 1,386,1085
E07000089,round 1,447,1047
E07000090,round 1,384,1055
E07000091,round 1,385,945
E07000092,round 1,413,1343
E07000093,round 1,410,1010
E07000094,round 1,374,1017
E07000105,round 1,376,1110
E07000106,round 1,366,1275
E07000107,round 1,374,1302
E07000108,round 1,381,1096
E07000109,round 1,363,1323
E07000110,round 1,420,1110
E07000111,round 1,425,1098
E07000112,round 1,375,1109
E07000113,round 1,400,1276
E07000114,round 1,368,1133
E07000115,round 1,436,1077
E07000116,round 1,468,1131
E07000177,round 1,393,1151
E07000178,round 1,344,1950
E07000179,round 1,406,1053
E07000180,round 1,415,1066
E07000181,round 1,377,1055
E07000207,round 1,494,1264
E07000208,round 1,423,1148
E07000209,round 1,441,1174
E07000210,round 1,429,1072
E07000211,round 1,440,1159
E07000212,round 1,416,1311
E07000213,round 1,411,1273
E07000214,round 1,419,1114
E07000215,round 1,432,1129
E07000216,round 1,441,1092
E07000217,round 1,434,1285
E07000223,round 1,438,1110
E07000224,round 1,341,1029
E07000225,round 1,364,990
E07000226,round 1,413,1478
E07000227,round 1,408,958
E07000228,round 1,454,1024
E07000229,round 1,413,1059
E06000022,round 1,418,1152
E06000023,round 1,412,1548
E06000024,round 1,374,1032
E06000025,round 1,393,1119
E06000026,round 1,326,1196
E06000027,round 1,342,1117
E06000030,round 1,366,1180
E06000052,round 1,313,1001
E06000054,round 1,398,967
E06000058,round 1,369,1202
E06000059,round 1,365,937
E07000040,round 1,360,937
E07000041,round 1,362,1233
E07000042,round 1,354,937
E07000043,round 1,332,1001
E07000044,round 1,374,937
E07000045,round 1,348,953
E07000046,round 1,338,937
E07000047,round 1,346,937
E07000078,round 1,424,1174
E07000079,round 1,426,989
E07000080,round 1,382,993
E07000081,round 1,373,1218
E07000082,round 1,393,959
E07000083,round 1,430,1009
E07000187,round 1,376,1049
E07000188,round 1,364,1036
E07000189,round 1,351,982
E07000246,round 1,371,1011
E06000019,round 1,374,990
E06000020,round 1,359,1237
E06000021,round 1,378,1437
E06000051,round 1,382,993
E07000192,round 1,419,1225
E07000193,round 1,377,1154
E07000194,round 1,400,1014
E07000195,round 1,394,1191
E07000196,round 1,429,1046
E07000197,round 1,381,1049
E07000198,round 1,400,1018
E07000199,round 1,440,1252
E07000218,round 1,420,1164
E07000219,round 1,391,1299
E07000220,round 1,366,1134
E07000221,round 1,413,992
E07000222,round 1,449,1133
E07000234,round 1,408,1045
E07000235,round 1,374,940
E07000236,round 1,356,1203
E07000237,round 1,386,1229
E07000238,round 1,373,961
E07000239,round 1,383,1101
E08000025,round 1,308,1806
E08000026,round 1,362,1681
E08000027,round 1,368,1253
E08000028,round 1,291,1661
E08000029,round 1,366,1180
E08000030,round 1,363,1457
E08000031,round 1,333,1627
E06000010,round 1,360,1514
E06000011,round 1,347,990
E06000012,round 1,365,1266
E06000013,round 1,364,1191
E06000014,round 1,376,1185
E07000163,round 1,403,968
E07000164,round 1,364,937
E07000165,round 1,384,980
E07000166,round 1,357,938
E07000167,round 1,359,937
E07000168,round 1,371,1054
E07000169,round 1,397,1011
E08000016,round 1,388,1256
E08000017,round 1,346,1292
E08000018,round 1,373,1246
E08000019,round 1,360,1336
E08000032,round 1,315,1497
E08000033,round 1,419,1309
E08000034,round 1,379,1276
E08000035,round 1,409,1445
E08000036,round 1,408,1280
E06000015,round 2,497,2181
E06000016,round 2,474,3421
E06000017,round 2,578,1560
E06000018,round 2,484,3256
E07000032,round 2,559,1608
E07000033,round 2,489,1744
E07000034,round 2,507,1765
E07000035,round 2,555,1454
E07000036,round 2,505,1600
E07000037,round 2,566,1578
E07000038,round 2,548,1623
E07000039,round 2,492,1427
E07000129,round 2,522,1529
E07000130,round 2,520,1705
E07000131,round 2,587,1415
E07000132,round 2,544,1456
E07000133,round 2,535,1487
E07000134,round 2,541,1498
E07000135,round 2,531,1907
E07000136,round 2,525,2356
E07000137,round 2,490,1681
E07000138,round 2,505,2180
E07000139,round 2,490,1392
E07000140,round 2,596,1954
E07000141,round 2,536,1575
E07000142,round 2,538,1569
E07000150,round 2,467,2044
E07000151,round 2,549,1516
E07000152,round 2,526,1615
E07000153,round 2,498,1710
E07000154,round 2,463,2072
E07000155,round 2,552,1466
E07000156,round 2,533,2036
E07000170,round 2,490,1736
E07000171,round 2,511,1728
E07000172,round 2,537,1746
E07000173,round 2,466,1616
E07000174,round 2,487,1887
E07000175,round 2,545,1734
E07000176,round 2,570,1492
E06000031,round 2,501,2421
E06000032,round 2,456,3036
E06000033,round 2,502,1843
E06000034,round 2,431,1922
E06000055,round 2,540,1966
E06000056,round 2,497,1473
E07000008,round 2,484,2322
E07000009,round 2,581,1680
E07000010,round 2,557,2003
E07000011,round 2,575,1620
E07000012,round 2,564,1464
E07000066,round 2,474,1796
E07000067,round 2,504,1494
E07000068,round 2,524,1570
E07000069,round 2,477,1576
E07000070,round 2,553,1598
E07000071,round 2,516,1829
E07000072,round 2,482,1655
E07000073,round 2,487,2143
E07000074,round 2,540,1487
E07000075,round 2,509,1495
E07000076,round 2,513,1705
E07000077,round 2,549,1408
E07000095,round 2,483,1872
E07000096,round 2,471,1551
E07000098,round 2,464,1716
E07000099,round 2,540,1526
E07000102,round 2,515,1594
E07000103,round 2,510,2303
E07000143,round 2,563,1741
E07000144,round 2,533,1477
E07000145,round 2,522,2185
E07000146,round 2,499,1670
E07000147,round 2,584,1693
E07000148,round 2,513,2184
E07000149,round 2,556,1615
E07000200,round 2,549,1498
E07000202,round 2,467,1975
E07000203,round 2,577,1502
E07000240,round 2,546,1505
E07000241,round 2,496,1840
E07000242,round 2,537,1495
E07000243,round 2,491,1891
E07000244,round 2,558,1608
E07000245,round 2,535,1674
E09000002,round 2,491,3698
E09000003,round 2,529,2469
E09000004,round 2,509,1930
E09000005,round 2,455,4056
E09000006,round 2,503,1649
E09000007,round 2,470,3072
E09000008,round 2,520,2784
E09000009,round 2,553,3434
E09000010,round 2,535,3093
E09000011,round 2,519,2554
E09000012,round 2,534,3346
E09000013,round 2,484,3140
E09000014,round 2,447,2981
E09000015,round 2,508,2706
E09000016,round 2,460,1841
E09000017,round 2,519,2569
E09000018,round 2,521,3229
E09000019,round 2,454,2698
E09000020,round 2,469,3768
E09000021,round 2,531,2136
E09000022,round 2,486,3024
E09000023,round 2,477,2597
E09000024,round 2,576,2688
E09000025,round 2,420,4057
E09000026,round 2,484,2970
E09000027,round 2,531,1696
E09000028,round 2,551,3311
E09000029,round 2,495,1893
E09000030,round 2,474,3614
E09000031,round 2,499,2938
E09000032,round 2,485,2484
E09000033,round 2,459,3722
E06000001,round 2,473,1952
E06000002,round 2,425,2432
E06000003,round 2,489,1885
E06000004,round 2,491,1795
E06000005,round 2,522,1840
E06000047,round 2,514,1766
E06000057,round 2,537,1591
E08000021,round 2,519,2251
E08000022,round 2,506,1510
E08000023,round 2,541,1845
E08000024,round 2,481,1779
E08000037,round 2,494,1798
E06000006,round 2,433,1981
E06000007,round 2,464,1720
E06000008,round 2,471,2749
E06000009,round 2,482,2166
E06000049,round 2,506,1582
E06000050,round 2,479,1535
E07000026,round 2,561,1727
E07000027,round 2,483,1687
E07000028,round 2,530,1675
E07000029,round 2,468,1627
E07000030,round 2,538,1515
E07000031,round 2,563,1553
E07000117,round 2,457,2119
E07000118,round 2,491,1621
E07000119,round 2,522,1571
E07000120,round 2,427,2056
E07000121,round 2,486,2009
E07000122,round 2,394,2038
E07000123,round 2,481,2309
E07000124,round 2,556,1456
E07000125,round 2,421,1619
E07000126,round 2,500,1543
E07000127,round 2,555,1751
E07000128,round 2,482,1748
E08000001,round 2,424,2111
E08000002,round 2,490,1869
E08000003,round 2,493,3346
E08000004,round 2,463,2191
E08000005,round 2,483,2222
E08000006,round 2,497,2331
E08000007,round 2,496,1638
E08000008,round 2,487,2015
E08000009,round 2,512,1758
E08000010,round 2,461,1809
E08000011,round 2,396,2075
E08000012,round 2,418,2479
E08000013,round 2,524,1963
E08000014,round 2,404,1729
E08000015,round 2,507,1778
E06000035,round 2,492,1885
E06000036,round 2,523,1662
E06000037,round 2,553,1580
E06000038,round 2,500,2346
E06000039,round 2,485,3270
E06000040,round 2,523,1616
E06000041,round 2,548,1499
E06000042,round 2,511,1971
E06000043,round 2,469,1855
E06000044,round 2,478,2218
E06000045,round 2,451,2415
E06000046,round 2,479,1891
E07000004,round 2,529,1678
E07000005,round 2,528,1417
E07000006,round 2,479,1567
E07000007,round 2,529,1784
E07000061,round 2,517,1875
E07000062,round 2,474,1920
E07000063,round 2,530,1584
E07000064,round 2,575,1668
E07000065,round 2,571,1644
E07000084,round 2,548,1532
E07000085,round 2,520,1403
E07000086,round 2,523,1618
E07000087,round 2,592,1505
E07000088,round 2,500,1596
E07000089,round 2,521,1396
E07000090,round 2,482,1584
E07000091,round 2,570,1488
E07000092,round 2,519,1823
E07000093,round 2,520,1504
E07000094,round 2,623,1638
E07000105,round 2,564,1729
E07000106,round 2,504,1931
E07000107,round 2,475,1893
E07000108,round 2,489,1666
E07000109,round 2,479,2010
E07000110,round 2,508,1558
E07000111,round 2,525,1494
E07000112,round 2,537,1735
E07000113,round 2,501,1730
E07000114,round 2,478,1727
E07000115,round 2,531,1480
E07000116,round 2,520,1497
E07000177,round 2,534,1780
E07000178,round 2,500,3167
E07000179,round 2,572,1586
E07000180,round 2,548,1599
E07000181,round 2,536,1674
E07000207,round 2,544,1528
E07000208,round 2,493,1621
E07000209,round 2,521,1657
E07000210,round 2,586,1536
E07000211,round 2,503,1584
E07000212,round 2,508,1898
E07000213,round 2,527,1795
E07000214,round 2,570,1611
E07000215,round 2,571,1586
E07000216,round 2,537,1494
E07000217,round 2,534,1753
E07000223,round 2,498,1546
E07000224,round 2,548,1823
E07000225,round 2,553,1616
E07000226,round 2,540,2053
E07000227,round 2,555,1469
E07000228,round 2,552,1427
E07000229,round 2,509,1598
E06000022,round 2,529,1674
E06000023,round 2,525,2155
E06000024,round 2,570,1678
E06000025,round 2,503,1613
E06000026,round 2,504,2034
E06000027,round 2,513,1917
E06000030,round 2,547,1860
E06000052,round 2,521,1688
E06000054,round 2,558,1500
E06000058,round 2,499,1911
E06000059,round 2,572,1661
E07000040,round 2,561,1533
E07000041,round 2,563,2032
E07000042,round 2,519,1615
E07000043,round 2,503,1697
E07000044,round 2,544,1520
E07000045,round 2,517,1550
E07000046,round 2,540,1619
E07000047,round 2,544,1528
E07000078,round 2,499,1642
E07000079,round 2,501,1438
E07000080,round 2,474,1548
E07000081,round 2,441,1889
E07000082,round 2,472,1524
E07000083,round 2,485,1433
E07000187,round 2,579,1684
E07000188,round 2,559,1664
E07000189,round 2,566,1682
E07000246,round 2,521,1634
E06000019,round 2,517,1645
E06000020,round 2,526,1971
E06000021,round 2,465,2172
E06000051,round 2,516,1614
E07000192,round 2,483,1708
E07000193,round 2,497,1834
E07000194,round 2,517,1520
E07000195,round 2,546,1845
E07000196,round 2,494,1495
E07000197,round 2,529,1686
E07000198,round 2,546,1540
E07000199,round 2,495,1689
E07000218,round 2,487,1597
E07000219,round 2,506,1956
E07000220,round 2,600,1827
E07000221,round 2,542,1510
E07000222,round 2,514,1572
E07000234,round 2,490,1508
E07000235,round 2,428,1554
E07000236,round 2,494,1920
E07000237,round 2,479,1846
E07000238,round 2,502,1536
E07000239,round 2,522,1740
E08000025,round 2,415,2887
E08000026,round 2,513,2646
E08000027,round 2,454,1882
E08000028,round 2,490,3034
E08000029,round 2,515,1838
E08000030,round 2,471,2228
E08000031,round 2,506,2799
E06000010,round 2,450,2218
E06000011,round 2,536,1629
E06000012,round 2,462,1991
E06000013,round 2,511,1869
E06000014,round 2,539,1783
E07000163,round 2,499,1430
E07000164,round 2,544,1497
E07000165,round 2,534,1502
E07000166,round 2,583,1586
E07000167,round 2,542,1550
E07000168,round 2,473,1683
E07000169,round 2,536,1491
E08000016,round 2,343,1786
E08000017,round 2,468,1968
E08000018,round 2,470,1856
E08000019,round 2,478,2068
E08000032,round 2,528,2665
E08000033,round 2,494,1747
E08000034,round 2,477,1884
E08000035,round 2,475,1994
E08000036,round 2,468,1791
E06000015,round 3,481,2586
E06000016,round 3,350,4106
E06000017,round 3,611,1762
E06000018,round 3,506,3755
E07000032,round 3,529,1830
E07000033,round 3,468,2093
E07000034,round 3,483,2105
E07000035,round 3,602,1716
E07000036,round 3,542,1917
E07000037,round 3,528,1798
E07000038,round 3,501,1883
E07000039,round 3,535,1778
E07000129,round 3,494,1869
E07000130,round 3,535,2051
E07000131,round 3,543,1655
E07000132,round 3,505,1734
E07000133,round 3,559,1776
E07000134,round 3,523,1797
E07000135,round 3,371,2272
E07000136,round 3,504,2753
E07000137,round 3,555,2083
E07000138,round 3,503,2547
E07000139,round 3,557,1750
E07000140,round 3,572,2173
E07000141,round 3,604,1858
E07000142,round 3,534,1840
E07000150,round 3,419,2473
E07000151,round 3,593,1775
E07000152,round 3,557,1898
E07000153,round 3,506,2085
E07000154,round 3,536,2561
E07000155,round 3,578,1717
E07000156,round 3,515,2351
E07000170,round 3,475,2089
E07000171,round 3,524,2057
E07000172,round 3,554,2060
E07000173,round 3,519,1918
E07000174,round 3,546,2288
E07000175,round 3,546,2036
E07000176,round 3,586,1735
E06000031,round 3,504,2871
E06000032,round 3,501,3676
E06000033,round 3,478,2148
E06000034,round 3,476,2440
E06000055,round 3,563,2318
E06000056,round 3,548,1781
E07000008,round 3,542,2846
E07000009,round 3,555,1930
E07000010,round 3,570,2251
E07000011,round 3,599,1863
E07000012,round 3,572,1738
E07000066,round 3,509,2178
E07000067,round 3,487,1779
E07000068,round 3,533,1858
E07000069,round 3,517,1930
E07000070,round 3,545,1810
E07000071,round 3,537,2201
E07000072,round 3,466,2001
E07000073,round 3,486,2526
E07000074,round 3,567,1712
E07000075,round 3,525,1773
E07000076,round 3,531,2083
E07000077,round 3,530,1649
E07000095,round 3,466,2217
E07000096,round 3,499,1807
E07000098,round 3,479,2102
E07000099,round 3,545,1788
E07000102,round 3,470,1908
E07000103,round 3,435,2427
E07000143,round 3,536,2012
E07000144,round 3,590,1750
E07000145,round 3,512,2461
E07000146,round 3,535,2059
E07000147,round 3,545,1947
E07000148,round 3,490,2583
E07000149,round 3,639,1884
E07000200,round 3,569,1725
E07000202,round 3,544,2460
E07000203,round 3,577,1745
E07000240,round 3,519,1748
E07000241,round 3,490,2200
E07000242,round 3,522,1696
E07000243,round 3,502,2259
E07000244,round 3,544,1871
E07000245,round 3,543,1965
E09000002,round 3,425,4195
E09000003,round 3,502,2822
E09000004,round 3,545,2350
E09000005,round 3,453,4545
E09000006,round 3,506,1963
E09000007,round 3,464,3672
E09000008,round 3,507,3154
E09000009,round 3,534,3772
E09000010,round 3,488,3532
E09000011,round 3,457,2927
E09000012,round 3,438,3751
E09000013,round 3,393,3757
E09000014,round 3,520,3603
E09000015,round 3,514,3128
E09000016,round 3,445,2276
E09000017,round 3,467,2897
E09000018,round 3,479,3697
E09000019,round 3,475,3245
E09000020,round 3,425,4545
E09000021,round 3,520,2472
E09000022,round 3,482,3625
E09000023,round 3,489,3167
E09000024,round 3,441,2907
E09000025,round 3,385,4545
E09000026,round 3,474,3493
E09000027,round 3,495,2020
E09000028,round 3,467,3641
E09000029,round 3,486,2267
E09000030,round 3,458,4408
E09000031,round 3,476,3420
E09000032,round 3,481,2941
E09000033,round 3,440,4545
E06000001,round 3,493,2369
E06000002,round 3,475,3084
E06000003,round 3,481,2264
E06000004,round 3,470,2200
E06000005,round 3,508,2127
E06000047,round 3,517,2093
E06000057,round 3,504,1875
E08000021,round 3,478,2652
E08000022,round 3,465,1801
E08000023,round 3,464,2121
E08000024,round 3,494,2189
E08000037,round 3,464,2156
E06000006,round 3,483,2372
E06000007,round 3,517,2108
E06000008,round 3,448,3246
E06000009,round 3,491,2595
E06000049,round 3,539,1900
E06000050,round 3,545,1888
E07000026,round 3,552,1936
E07000027,round 3,514,2034
E07000028,round 3,566,1945
E07000029,round 3,546,1950
E07000030,round 3,591,1793
E07000031,round 3,562,1781
E07000117,round 3,490,2543
E07000118,round 3,537,1956
E07000119,round 3,593,1853
E07000120,round 3,446,2594
E07000121,round 3,511,2481
E07000122,round 3,472,2640
E07000123,round 3,497,2767
E07000124,round 3,489,1682
E07000125,round 3,469,2051
E07000126,round 3,499,1858
E07000127,round 3,530,2025
E07000128,round 3,532,2088
E08000001,round 3,491,2651
E08000002,round 3,534,2204
E08000003,round 3,513,3865
E08000004,round 3,470,2742
E08000005,round 3,427,2684
E08000006,round 3,453,2700
E08000007,round 3,512,1968
E08000008,round 3,480,2348
E08000009,round 3,518,2090
E08000010,round 3,490,2221
E08000011,round 3,403,2607
E08000012,round 3,450,2993
E08000013,round 3,493,2219
E08000014,round 3,496,2190
E08000015,round 3,479,2106
E06000035,round 3,503,2268
E06000036,round 3,544,1957
E06000037,round 3,559,1838
E06000038,round 3,501,2847
E06000039,round 3,431,3792
E06000040,round 3,547,1966
E06000041,round 3,572,1799
E06000042,round 3,548,2340
E06000043,round 3,516,2325
E06000044,round 3,514,2558
E06000045,round 3,551,3062
E06000046,round 3,557,2347
E07000004,round 3,533,1959
E07000005,round 3,557,1692
E07000006,round 3,499,1939
E07000007,round 3,533,2079
E07000061,round 3,523,2249
E07000062,round 3,562,2336
E07000063,round 3,587,1901
E07000064,round 3,597,1914
E07000065,round 3,617,1859
E07000084,round 3,523,1766
E07000085,round 3,574,1700
E07000086,round 3,534,1923
E07000087,round 3,569,1703
E07000088,round 3,526,1942
E07000089,round 3,576,1701
E07000090,round 3,527,1970
E07000091,round 3,537,1705
E07000092,round 3,536,2187
E07000093,round 3,590,1800
E07000094,round 3,552,1811
E07000105,round 3,554,1965
E07000106,round 3,536,2356
E07000107,round 3,471,2193
E07000108,round 3,529,2013
E07000109,round 3,464,2373
E07000110,round 3,526,1882
E07000111,round 3,530,1765
E07000112,round 3,555,2023
E07000113,round 3,509,2077
E07000114,round 3,512,2095
E07000115,round 3,546,1763
E07000116,round 3,577,1780
E07000177,round 3,542,2053
E07000178,round 3,551,3839
E07000179,round 3,508,1846
E07000180,round 3,558,1878
E07000181,round 3,566,1963
E07000207,round 3,467,1790
E07000208,round 3,518,1964
E07000209,round 3,527,2029
E07000210,round 3,548,1756
E07000211,round 3,528,1907
E07000212,round 3,517,2260
E07000213,round 3,535,2128
E07000214,round 3,563,1863
E07000215,round 3,570,1826
E07000216,round 3,547,1734
E07000217,round 3,569,2058
E07000223,round 3,550,1867
E07000224,round 3,587,2122
E07000225,round 3,564,1941
E07000226,round 3,511,2377
E07000227,round 3,569,1722
E07000228,round 3,530,1655
E07000229,round 3,587,1937
E06000022,round 3,593,2011
E06000023,round 3,498,2504
E06000024,round 3,581,1915
E06000025,round 3,568,1949
E06000026,round 3,465,2281
E06000027,round 3,549,2217
E06000030,round 3,541,2111
E06000052,round 3,529,1944
E06000054,round 3,577,1760
E06000058,round 3,522,2250
E06000059,round 3,596,1898
E07000040,round 3,577,1760
E07000041,round 3,515,2319
E07000042,round 3,560,1899
E07000043,round 3,560,2035
E07000044,round 3,582,1787
E07000045,round 3,563,1816
E07000046,round 3,578,1909
E07000047,round 3,587,1758
E07000078,round 3,478,1904
E07000079,round 3,505,1685
E07000080,round 3,469,1831
E07000081,round 3,469,2282
E07000082,round 3,506,1778
E07000083,round 3,501,1699
E07000187,round 3,554,1929
E07000188,round 3,517,1923
E07000189,round 3,609,1915
E07000246,round 3,548,1946
E06000019,round 3,580,1952
E06000020,round 3,506,2269
E06000021,round 3,391,2575
E06000051,round 3,554,1899
E07000192,round 3,480,2021
E07000193,round 3,558,2221
E07000194,round 3,522,1766
E07000195,round 3,527,2144
E07000196,round 3,527,1793
E07000197,round 3,557,1965
E07000198,round 3,542,1796
E07000199,round 3,521,2013
E07000218,round 3,494,1956
E07000219,round 3,485,2229
E07000220,round 3,526,1992
E07000221,round 3,559,1758
E07000222,round 3,536,1896
E07000234,round 3,526,1843
E07000235,round 3,491,1845
E07000236,round 3,502,2295
E07000237,round 3,498,2228
E07000238,round 3,582,1818
E07000239,round 3,513,2045
E08000025,round 3,411,3691
E08000026,round 3,507,3075
E08000027,round 3,465,2322
E08000028,round 3,483,3421
E08000029,round 3,482,2151
E08000030,round 3,430,2696
E08000031,round 3,470,3180
E06000010,round 3,416,2734
E06000011,round 3,569,1916
E06000012,round 3,564,2381
E06000013,round 3,518,2226
E06000014,round 3,614,2134
E07000163,round 3,568,1679
E07000164,round 3,591,1767
E07000165,round 3,595,1809
E07000166,round 3,555,1775
E07000167,round 3,579,1811
E07000168,round 3,513,2051
E07000169,round 3,519,1791
E08000016,round 3,502,2202
E08000017,round 3,463,2429
E08000018,round 3,441,2282
E08000019,round 3,487,2567
E08000032,round 3,460,3033
E08000033,round 3,525,2113
E08000034,round 3,502,2348
E08000035,round 3,522,2453
E08000036,round 3,457,2183
E06000015,round 4,477,2589
E06000016,round 4,294,4108
E06000017,round 4,583,1764
E06000018,round 4,450,3705
E07000032,round 4,554,1832
E07000033,round 4,426,2095
E07000034,round 4,445,2107
E07000035,round 4,526,1699
E07000036,round 4,488,1919
E07000037,round 4,485,1800
E07000038,round 4,511,1885
E07000039,round 4,523,1780
E07000129,round 4,471,1871
E07000130,round 4,471,2052
E07000131,round 4,519,1657
E07000132,round 4,498,1736
E07000133,round 4,510,1777
E07000134,round 4,498,1800
E07000135,round 4,324,2273
E07000136,round 4,453,2755
E07000137,round 4,529,2085
E07000138,round 4,440,2549
E07000139,round 4,552,1752
E07000140,round 4,515,2174
E07000141,round 4,563,1860
E07000142,round 4,521,1842
E07000150,round 4,393,2475
E07000151,round 4,528,1777
E07000152,round 4,541,1899
E07000153,round 4,467,2087
E07000154,round 4,443,2563
E07000155,round 4,573,1719
E07000156,round 4,509,2353
E07000170,round 4,437,2091
E07000171,round 4,486,2059
E07000172,round 4,535,2062
E07000173,round 4,466,1919
E07000174,round 4,462,2290
E07000175,round 4,529,2038
E07000176,round 4,539,1737
E06000031,round 4,501,2873
E06000032,round 4,386,3678
E06000033,round 4,471,2150
E06000034,round 4,439,2441
E06000055,round 4,507,2320
E06000056,round 4,508,1783
E07000008,round 4,521,2848
E07000009,round 4,533,1932
E07000010,round 4,503,2253
E07000011,round 4,551,1865
E07000012,round 4,564,1740
E07000066,round 4,475,2180
E07000067,round 4,508,1781
E07000068,round 4,524,1859
E07000069,round 4,466,1932
E07000070,round 4,511,1812
E07000071,round 4,556,2203
E07000072,round 4,447,2003
E07000073,round 4,478,2528
E07000074,round 4,551,1714
E07000075,round 4,498,1775
E07000076,round 4,533,2085
E07000077,round 4,499,1651
E07000095,round 4,455,2219
E07000096,round 4,478,1809
E07000098,round 4,488,2104
E07000099,round 4,562,1790
E07000102,round 4,469,1908
E07000103,round 4,445,2400
E07000143,round 4,524,2014
E07000144,round 4,525,1751
E07000145,round 4,448,2462
E07000146,round 4,515,2061
E07000147,round 4,602,1949
E07000148,round 4,519,2584
E07000149,round 4,647,1887
E07000200,round 4,562,1727
E07000202,round 4,508,2462
E07000203,round 4,593,1747
E07000240,round 4,537,1750
E07000241,round 4,505,2201
E07000242,round 4,497,1680
E07000243,round 4,477,2261
E07000244,round 4,514,1873
E07000245,round 4,533,1967
E09000002,round 4,421,4191
E09000003,round 4,492,2824
E09000004,round 4,499,2352
E09000005,round 4,404,4546
E09000006,round 4,472,1965
E09000007,round 4,448,3674
E09000008,round 4,487,3156
E09000009,round 4,514,3774
E09000010,round 4,492,3532
E09000011,round 4,485,2929
E09000012,round 4,400,3753
E09000013,round 4,470,3757
E09000014,round 4,540,3603
E09000015,round 4,461,3130
E09000016,round 4,480,2278
E09000017,round 4,507,2898
E09000018,round 4,494,3699
E09000019,round 4,475,3236
E09000020,round 4,466,4544
E09000021,round 4,517,2474
E09000022,round 4,498,3626
E09000023,round 4,497,3169
E09000024,round 4,526,2909
E09000025,round 4,339,4547
E09000026,round 4,436,3495
E09000027,round 4,505,2021
E09000028,round 4,462,3643
E09000029,round 4,461,2269
E09000030,round 4,432,4407
E09000031,round 4,456,3422
E09000032,round 4,463,2943
E09000033,round 4,455,4544
E06000001,round 4,450,2371
E06000002,round 4,466,3086
E06000003,round 4,471,2266
E06000004,round 4,454,2202
E06000005,round 4,486,2129
E06000047,round 4,510,2095
E06000057,round 4,512,1877
E08000021,round 4,496,2654
E08000022,round 4,442,1803
E08000023,round 4,481,2123
E08000024,round 4,461,2191
E08000037,round 4,494,2157
E06000006,round 4,384,2374
E06000007,round 4,486,2110
E06000008,round 4,346,3248
E06000009,round 4,454,2597
E06000049,round 4,487,1898
E06000050,round 4,473,1890
E07000026,round 4,530,1939
E07000027,round 4,446,2035
E07000028,round 4,426,1947
E07000029,round 4,500,1950
E07000030,round 4,528,1794
E07000031,round 4,532,1764
E07000117,round 4,321,2545
E07000118,round 4,484,1955
E07000119,round 4,500,1855
E07000120,round 4,307,2596
E07000121,round 4,495,2483
E07000122,round 4,331,2641
E07000123,round 4,398,2769
E07000124,round 4,451,1684
E07000125,round 4,417,2053
E07000126,round 4,453,1860
E07000127,round 4,453,2027
E07000128,round 4,526,2090
E08000001,round 4,460,2653
E08000002,round 4,459,2206
E08000003,round 4,414,3867
E08000004,round 4,402,2744
E08000005,round 4,394,2686
E08000006,round 4,381,2611
E08000007,round 4,475,1970
E08000008,round 4,475,2350
E08000009,round 4,482,2092
E08000010,round 4,430,2223
E08000011,round 4,365,2610
E08000012,round 4,395,2994
E08000013,round 4,439,2220
E08000014,round 4,488,2192
E08000015,round 4,463,2108
E06000035,round 4,512,2270
E06000036,round 4,505,1959
E06000037,round 4,562,1839
E06000038,round 4,549,2849
E06000039,round 4,375,3794
E06000040,round 4,528,1968
E06000041,round 4,559,1801
E06000042,round 4,531,2342
E06000043,round 4,502,2325
E06000044,round 4,517,2561
E06000045,round 4,478,3064
E06000046,round 4,509,2349
E07000004,round 4,514,1933
E07000005,round 4,519,1694
E07000006,round 4,514,1940
E07000007,round 4,530,2081
E07000061,round 4,501,2250
E07000062,round 4,493,2338
E07000063,round 4,415,1576
E07000064,round 4,561,1916
E07000065,round 4,543,1861
E07000084,round 4,484,1768
E07000085,round 4,555,1701
E07000086,round 4,512,1925
E07000087,round 4,570,1705
E07000088,round 4,506,1945
E07000089,round 4,591,1703
E07000090,round 4,519,1972
E07000091,round 4,511,1703
E07000092,round 4,520,2189
E07000093,round 4,571,1803
E07000094,round 4,564,1811
E07000105,round 4,500,1967
E07000106,round 4,557,2358
E07000107,round 4,453,2175
E07000108,round 4,537,2014
E07000109,round 4,440,2375
E07000110,round 4,517,1883
E07000111,round 4,556,1767
E07000112,round 4,568,2025
E07000113,round 4,484,2079
E07000114,round 4,492,2097
E07000115,round 4,549,1765
E07000116,round 4,524,1782
E07000177,round 4,482,2016
E07000178,round 4,531,3841
E07000179,round 4,559,1849
E07000180,round 4,519,1880
E07000181,round 4,535,1965
E07000207,round 4,461,1792
E07000208,round 4,535,1966
E07000209,round 4,564,2030
E07000210,round 4,548,1758
E07000211,round 4,522,1909
E07000212,round 4,520,2251
E07000213,round 4,461,2130
E07000214,round 4,513,1865
E07000215,round 4,525,1826
E07000216,round 4,565,1736
E07000217,round 4,534,2059
E07000223,round 4,513,1868
E07000224,round 4,562,2123
E07000225,round 4,576,1943
E07000226,round 4,507,2379
E07000227,round 4,548,1724
E07000228,round 4,524,1657
E07000229,round 4,551,1939
E06000022,round 4,548,2013
E06000023,round 4,504,2506
E06000024,round 4,558,1915
E06000025,round 4,510,1951
E06000026,round 4,427,2282
E06000027,round 4,494,2219
E06000030,round 4,489,2113
E06000052,round 4,504,1946
E06000054,round 4,596,1762
E06000058,round 4,519,2252
E06000059,round 4,615,1900
E07000040,round 4,558,1762
E07000041,round 4,459,2321
E07000042,round 4,537,1900
E07000043,round 4,484,2037
E07000044,round 4,527,1789
E07000045,round 4,506,1800
E07000046,round 4,520,1911
E07000047,round 4,489,1760
E07000078,round 4,456,1906
E07000079,round 4,522,1687
E07000080,round 4,422,1833
E07000081,round 4,455,2284
E07000082,round 4,500,1780
E07000083,round 4,448,1701
E07000187,round 4,559,1929
E07000188,round 4,481,1925
E07000189,round 4,540,1917
E07000246,round 4,490,1948
E06000019,round 4,559,1953
E06000020,round 4,449,2271
E06000021,round 4,374,2577
E06000051,round 4,520,1901
E07000192,round 4,473,2024
E07000193,round 4,482,2223
E07000194,round 4,483,1768
E07000195,round 4,496,2146
E07000196,round 4,448,1747
E07000197,round 4,536,1967
E07000198,round 4,492,1799
E07000199,round 4,468,2015
E07000218,round 4,480,1958
E07000219,round 4,459,2231
E07000220,round 4,522,1994
E07000221,round 4,546,1760
E07000222,round 4,548,1899
E07000234,round 4,532,1844
E07000235,round 4,483,1843
E07000236,round 4,516,2297
E07000237,round 4,493,2230
E07000238,round 4,558,1819
E07000239,round 4,505,2046
E08000025,round 4,458,3693
E08000026,round 4,449,3077
E08000027,round 4,448,2323
E08000028,round 4,388,3423
E08000029,round 4,493,2153
E08000030,round 4,434,2698
E08000031,round 4,408,3182
E06000010,round 4,418,2736
E06000011,round 4,516,1918
E06000012,round 4,446,2383
E06000013,round 4,496,2228
E06000014,round 4,497,2136
E07000163,round 4,527,1681
E07000164,round 4,557,1767
E07000165,round 4,542,1811
E07000166,round 4,494,1777
E07000167,round 4,543,1813
E07000168,round 4,535,2053
E07000169,round 4,507,1793
E08000016,round 4,423,2204
E08000017,round 4,467,2431
E08000018,round 4,417,2284
E08000019,round 4,486,2569
E08000032,round 4,419,3035
E08000033,round 4,437,2115
E08000034,round 4,451,2349
E08000035,round 4,494,2456
E08000036,round 4,476,2185
