,North.West,North.East,South.West,South.East,London,East.Midlands,West.Midlands,Yokrshire.and.The.Humber,East.of.England
2020-05-01,0,0,0,0,0,0,0,0,0
2020-05-02,0,0,0,0,0,0,0,0,0
2020-05-03,0,0,0,0,0,0,0,0,0
2020-05-04,0,0,0,0,0,0,0,0,0
2020-05-05,1.078082512,0,0,0,0,0.546260745,0,0,0
2020-05-06,0,0,0,0,0,2.129874436,0,0,0
2020-05-07,0,0,0,0.721178887,1.236317739,0,0,0,0
2020-05-08,0,0,0,0,0,0,0,0,0
2020-05-09,0,0,0,0,0,0,0,0,0.641399478
2020-05-10,0,0,0,0,0,0,0,0,0
2020-05-11,0,0,0,1.680412025,0,0,1.085896527,3.014445492,1.1373077
2020-05-12,0,0,0,0,0,0,0,0,0
2020-05-13,2.428652726,0,0,0,0,0,0,0,0
2020-05-14,0,0.945352136,0,0.685757857,6.871148672,1.421302103,0,0,1.550766296
2020-05-15,2.865582903,0,0.623731237,1.488744771,3.539832592,0.77055991,0,0,0
2020-05-16,4.182229387,0,0,4.402390369,0,1.421199207,0.595967164,0,0.480268303
2020-05-17,1.578583331,0.469076643,3.987235178,3.246529635,1.386875331,0,6.540669285,0,4.095836941
2020-05-18,0,0,0.428239344,0,2.996944056,0,0,1.397152519,4.99004533
2020-05-19,2.623536949,0,0,2.137639532,0,0,1.694734852,2.595986979,0
2020-05-20,0.872288809,0,0,2.389158086,1.510300858,1.165975137,1.657120319,1.880297054,0.657980345
2020-05-21,0.229382395,0,0.673837429,2.224455859,7.16042296,1.193535706,1.344503263,2.913222382,1.250682655
2020-05-22,0.425284952,2.05700147,0.987694523,1.508529168,1.150618175,0.759151251,0,0,1.160274435
2020-05-23,4.054852571,0,0,1.369776699,1.561902466,0,0,0,0
2020-05-24,0.321353744,0,0,0.519292819,0,2.140504799,0,0,0.719554767
2020-05-25,1.181234703,0,0,5.12220283,0.971240662,2.894570291,1.31284433,0,0
2020-05-26,0,1.715074529,0,0.841563513,0,0.585566704,2.010413923,1.431504708,0
2020-05-27,0,0,0,0.669580159,1.388033079,0,0,0,0
2020-05-28,0,0.494456851,0,0.506469544,0,0,0,0,0.812708891
2020-05-29,0.609410736,0,0,0,0,0,0,0,0
2020-05-30,0,0,0,0,0,0,0,0,0
2020-05-31,0,0,0,0,0,0,0,7.899096402,0
2020-06-01,0,0,0,1.424705224,0,0,0,0,0
2020-06-19,0,0,0,0,0,0,0,0,0
2020-06-20,0,0,0,1.363807344,0,0,1.644915174,0,0.687692954
2020-06-21,0.978576533,0,1.262804197,0.521036592,0,0.67838304,0.382808989,0,1.477424083
2020-06-22,2.132372371,0,3.685542394,0,6.18470716,0.294364557,0.539679094,0,0
2020-06-23,1.381560965,0,7.244694085,4.733312236,3.006031048,1.112160867,1.085831561,0,0.846938053
2020-06-24,7.494051997,0,0,2.123299625,1.223230028,0.789621888,0.441047029,4.146637778,1.304187678
2020-06-25,1.676660027,0,0,0.58277422,5.104578276,2.435170878,0.67315139,1.598217676,0
2020-06-26,0,0,0.263262964,1.035226101,2.40602284,0.313808555,2.701867668,0,1.766189249
2020-06-27,0,0,0,0,0,0.206081686,0,2.633218146,0.557645103
2020-06-28,9.945263146,0,0.60180518,0.956787261,1.146849056,0.246310915,0,0,0
2020-06-29,2.547459841,0,0.358442468,1.893012051,3.38875767,0.343191329,0,0.888939838,1.834425758
2020-06-30,0,2.822198436,0,0,5.087488004,0,1.57926798,1.440302736,2.143646298
2020-07-01,0.670665837,0,0,2.312603364,0.937887426,0.552818013,0,0.921166752,0
2020-07-02,0,0,0,0.80516822,0,0,1.520028947,0,0
2020-07-03,0,0,0,0,0,0,0.801056749,0,1.543782809
2020-07-04,0,0,0,1.236161926,2.234197694,0.549613531,0,0,0.456571578
2020-07-05,0,0,0,0,0,0,0,0,0
2020-07-06,0,0,0,0,1.245852925,0,0,0,0
2020-07-07,0,0,0,0,0,0,0,0,0
2020-07-24,0,0,0,0,0,0,0,0,0
2020-07-25,0,0,0.926451655,0,0,0,0,0,0
2020-07-26,0,0,0,0.977975233,3.242586164,0.752805975,0.57649195,1.988231424,0
2020-07-27,0,0,0,0,1.026275348,0,0,0,0
2020-07-28,0,0,0,0,0,0,0,2.339403901,0
2020-07-29,6.43606336,0,0,0.366463185,1.693558339,2.576853604,0.781154566,0,0.338420922
2020-07-30,0.408771802,0,0,0,0,1.514299536,2.159431894,0,0.761565929
2020-07-31,0.548908637,0,0,0.605672723,0,0.441028327,0,0,1.195460422
2020-08-01,0,0,0.177508294,0,0,0,0,0,0
2020-08-02,0,0,0,0,0,0,0,0,0
2020-08-03,0.749094683,0,0,0.768929444,0,1.367327051,0,5.237285666,0
2020-08-04,5.50996882,0.389746956,0.461489816,0,1.074068754,1.691945414,0.346316374,0.365163444,1.663857019
2020-08-05,0,0,0,0,0,0,0,0,0
2020-08-06,0,0,0,0.944831321,3.400687673,0,0.870652169,0,0
2020-08-07,0,0,0,0.546306062,2.029994882,0.610323978,0,0.399076551,0
2020-08-08,0,0,0,0.964361972,0,0,0,0,0.485797592
2020-08-09,0.554185742,0,0,0,0,0,0,0,0
2020-08-10,0,0,0,0,0,0,0,0,0
2020-08-11,0,0,0,0,0,0,0,0,0
2020-08-20,0,0,0,0,0,0,0,0,0
2020-08-21,0,0,0,0,0,0.674216685,0,9.629439902,0
2020-08-22,0.676248336,0,0,1.368290228,0,0,0,0.460686265,1.251022119
2020-08-23,0.501739256,0,0,0,0,0,0,4.26863705,0
2020-08-24,1.65091311,1.096920951,0,0,0,1.051451323,0,0,0
2020-08-25,0,0.78924741,0,2.08003853,1.684785553,0,0,1.828084031,2.761878711
2020-08-26,4.825818198,1.219712392,0,0.777099798,0,0,1.66174221,0.768420932,0.564648503
2020-08-27,5.295657516,0.596807672,3.841777497,0.388444111,0,0.90945127,0.211575104,4.0203957,1.526559232
2020-08-28,3.313689832,0,0,0.467140686,6.626585312,0,1.308788215,2.20700896,1.445564339
2020-08-29,7.437481121,0,3.146480559,2.473810474,1.377099748,0.47606565,0.720650283,2.324193781,0.553540473
2020-08-30,0,2.873491629,0.380986515,1.329885801,4.850981228,0,0,5.440203241,1.265838475
2020-08-31,4.07867333,0,0,0,1.211044052,0,0,0,0
2020-09-01,0,0,1.711501878,2.95374784,3.723134292,1.644495385,5.741502197,0,1.525701146
2020-09-02,0.233017648,0,0,0,1.101575526,0,2.575910451,0.482822902,0.625687027
2020-09-03,14.61616209,0,0,0.589121987,2.967390872,0,0,0,0
2020-09-04,2.238306857,1.570579694,0,0.780436538,2.375185051,0,0,0,1.467788367
2020-09-05,2.520072547,3.934170843,1.153525286,0.983749314,2.140381247,0,0,0,0
2020-09-06,0,0,0,0,0,1.75873282,0,0,0.543582204
2020-09-07,2.020200949,0,3.179172,0,0,1.449403608,0,1.455687831,1.99318498
2020-09-08,0,0,0,0,0,0,0,0,0
2020-09-18,3.325625884,0,0,0,0,0.476316052,0,3.174520586,0
2020-09-19,17.43006761,13.2276669,0,7.270473981,1.913029782,4.58166161,2.563743465,4.681150478,6.715450196
2020-09-20,9.827807653,10.93181658,2.907663929,2.042728279,5.364176639,12.11972287,2.005017831,7.338280844,1.728719946
2020-09-21,10.65762732,4.028703525,6.440043428,6.167525203,10.05384043,5.308429341,7.479432825,2.99809754,4.563273167
2020-09-22,12.98934312,6.368131793,1.686562677,1.527090405,9.503872075,3.643595473,2.677976839,14.31490719,3.917286693
2020-09-23,17.54029681,2.110652209,6.064922279,13.39620817,26.62038252,6.353672417,21.82412377,28.94656113,7.451793073
2020-09-24,14.68601882,0.565953116,2.324892535,5.985283995,11.04096309,3.331309091,8.26343843,5.556126885,2.77823712
2020-09-25,36.01564767,0.903810325,6.061817761,3.487855956,3.705250376,2.458179466,12.44230168,13.93897504,4.912341312
2020-09-26,33.56630683,12.74170632,4.06582256,9.541247442,3.685402291,10.84358026,8.558439694,8.602539386,1.4826213
2020-09-27,12.00712218,3.874929804,2.700342068,0.688234565,10.46137624,1.560955369,0,0.392721254,0.400816806
2020-09-28,28.31432606,6.681494619,5.277231818,5.196715182,10.57055469,1.573013013,7.401171869,0.425387425,4.736025549
2020-09-29,8.840162298,10.36006199,6.468970069,4.003202986,12.0360832,4.856058461,5.052646394,15.37452693,4.345032038
2020-09-30,12.34172526,1.859584197,1.366695093,3.960615615,6.106491735,2.375141278,0,9.971096393,4.26854365
2020-10-01,9.864988114,3.667038848,6.18339621,4.068886083,1.203841886,6.675124434,4.014826078,4.833128308,2.093057624
2020-10-02,7.723766114,3.143770954,3.232997005,4.452669513,13.66171026,6.724882197,17.6324732,9.513597572,2.512667831
2020-10-03,11.72730241,4.085795677,0.821539298,3.679698763,2.202152303,3.296367536,1.703295484,8.507466772,3.075623158
2020-10-04,3.77908551,0.733142234,0,2.590147702,1.550646164,0,0,0,0
2020-10-05,3.045395223,1.143175233,0.924591015,4.810902274,1.406059956,5.203983819,1.091385911,0.309775655,1.676029899
2020-10-16,1.810470043,0,0,0.969348604,3.272809887,0,4.190006263,2.831671122,0
2020-10-17,38.4735357,7.639713605,12.28099329,7.170890626,6.191498375,10.29261849,20.70710066,28.66252624,4.858654082
2020-10-18,21.18688842,5.469562907,6.22604565,11.1510604,4.315245009,18.8830565,4.665641379,41.26856031,8.924638285
2020-10-19,44.04836385,7.477605648,7.557273983,4.102974173,11.28496368,10.51489666,12.80675532,12.53193919,10.91598715
2020-10-20,36.39644858,8.065534364,6.602112031,15.965654,12.84443633,12.87049803,39.5038859,48.48233526,7.881407738
2020-10-21,36.30547117,6.999595492,6.503452481,8.641060099,20.79882518,16.23320632,14.05754222,33.56756064,8.425721662
2020-10-22,48.20306068,10.61357151,14.17486524,16.56539089,10.60936052,13.19677052,15.89508706,38.80547219,9.877268602
2020-10-23,34.68859887,6.209093401,10.71279862,21.64785809,36.767054,10.66594862,16.04516912,34.75551389,12.63126608
2020-10-24,25.93259247,9.136226318,9.181254854,17.99688115,17.89268239,15.66755672,53.47631463,22.47677699,9.709687202
2020-10-25,27.75148516,3.189319036,13.26760617,14.64021574,16.54486396,8.970334467,15.89926599,17.21977421,4.499629544
2020-10-26,26.41237471,7.378647581,4.847633488,10.87606305,11.1107527,15.89757408,11.92971787,10.15856425,7.054060311
2020-10-27,30.32187973,8.597176791,2.467839407,12.7097743,23.66956248,10.34114223,12.90910772,13.00477432,6.282007465
2020-10-28,22.54673546,10.07614,5.815549557,6.504917077,12.91445384,6.591714544,12.91453712,15.25923464,9.52888892
2020-10-29,19.61928481,3.101394978,2.039622687,7.2602628,5.698431592,3.462676412,4.547631827,4.923716659,6.378486634
2020-10-30,9.112153723,3.802353296,0,5.788233462,7.12856314,5.045448551,2.276934438,5.82501693,2.29362517
2020-10-31,25.30555124,1.81282065,5.755610521,3.517238355,5.823337793,1.879448022,2.751062171,12.13092196,3.92792032
2020-11-01,14.3315666,3.356504527,7.798116326,3.144716046,4.252505774,2.34183347,2.342529203,4.216885599,3.036516625
2020-11-02,7.113041223,3.914706828,7.129948869,10.78226412,10.91311861,5.221003144,4.597039689,6.38495285,3.164264778
2020-11-13,0,0,0,0,0,0,1.26633783,0,0
2020-11-14,1.266843913,0,0,0,0,0.379837736,0,0.966617935,0
2020-11-15,0.474956337,0,0,1.112172534,0,4.081600325,7.21932509,1.959395896,0
2020-11-16,31.26604929,4.546390164,15.44103627,25.08347708,25.87791187,29.44905378,37.23042341,28.62612503,17.26821855
2020-11-17,19.61670036,3.695474147,6.49233084,15.50688126,11.9689615,13.1806748,13.46311462,28.84688147,6.408028867
2020-11-18,13.83325475,11.43965541,17.49265109,13.84656837,8.254414243,18.4830203,42.04227843,15.3644552,10.11478658
2020-11-19,11.91225182,1.925164171,4.389357987,26.98809848,14.49149721,14.80408444,13.59261492,8.677344309,9.062047206
2020-11-20,28.76431144,5.217740782,5.375668398,17.1062451,34.02355832,14.54785333,10.81251093,13.81714865,13.10326588
2020-11-21,17.58038266,7.1625153,11.39474455,11.94403843,21.61576408,13.89324457,15.1187493,7.589479407,3.77367789
2020-11-22,10.21310539,1.851400238,6.048900386,15.99684538,11.46519035,10.58880416,25.59562246,7.307555524,5.618848912
2020-11-23,5.462152263,4.96104892,1.523714996,4.415858625,8.090862582,9.209301788,4.877673144,17.52009389,10.38932124
2020-11-24,11.26058901,10.63767251,8.60369739,11.55640463,17.02331814,5.859986474,3.994715729,5.973928297,3.115113329
2020-11-25,9.227064991,4.236009178,3.406268771,11.90720957,14.96271774,5.231191382,7.825078944,0,5.262448351
2020-11-26,11.96175853,0.576066857,3.051439458,3.057101637,8.53332211,7.708937104,3.106848105,6.222075322,4.42609492
2020-11-27,6.494302252,6.442130923,2.530913604,12.93747766,7.723903321,3.13639063,6.030860183,10.57080566,1.366582835
2020-11-28,4.859965858,3.294312748,2.337788467,1.977445235,25.32463617,3.251007228,12.79246391,5.096660933,5.518592468
2020-11-29,4.689862685,3.16198051,3.541925391,9.034960617,19.15570452,8.843576992,1.991261853,12.20255413,1.579244639
2020-11-30,7.139735402,1.114482628,2.265234937,3.195424207,3.441564007,0.40489619,0.421681749,9.669645907,2.061162723
2020-12-01,7.129083914,0.992316353,3.218774422,6.321432263,9.029074465,3.482174655,0,5.888080916,5.539516112
2020-12-02,1.660740465,0,1.186958279,7.578062611,19.26509519,2.018566837,0,8.86446207,1.334064382
2020-12-03,0,0,0,0,0,0,0,0,0
2020-12-30,0,0,0,0,0,0,0,0,0
2020-12-31,0,0,0,0,0,0,0,0,0
2021-01-01,0,0,0,0,0,0,0,0,0
2021-01-02,0,0,0.606630385,0,1.258698607,0,0,0,4.749863381
2021-01-03,0,0,0,0,0,0,0,0,0.804525892
2021-01-04,5.987265414,0,0,1.940296633,0,0.948692746,0,0,0.793071023
2021-01-05,2.433185831,3.391244715,4.228970852,4.753692696,18.60421702,0.948306503,6.125190071,1.51141239,2.235131291
2021-01-06,42.16868794,16.54311528,22.75229284,45.09297811,80.49250408,22.61476268,39.39337125,15.70895038,39.96839295
2021-01-07,21.33776928,14.67150664,36.12808566,55.47668722,62.04127112,13.10032433,32.34298798,16.58404479,33.83290698
2021-01-08,33.82071445,7.961744112,16.10374595,59.23441061,79.537415,16.35062303,31.39925479,18.47234874,36.56406603
2021-01-09,37.74605662,0.716972911,15.02777667,52.43924448,81.95192594,21.5822769,29.15825007,7.643786317,29.53327822
2021-01-10,14.09250029,8.673855772,10.9571674,42.3149843,24.08747035,7.090325363,25.46528079,20.42807192,29.05494956
2021-01-11,17.8380521,3.480420105,10.19388713,43.1787697,42.67461271,18.38836097,34.35573096,7.738630858,18.8786391
2021-01-12,19.91737723,1.919059506,3.194658766,41.49444319,28.88275247,9.071102058,14.55948227,6.516334958,13.77560747
2021-01-13,17.81772046,3.592318528,3.394755779,16.07624104,17.7332672,11.42765001,6.225893871,5.012390537,17.16963205
2021-01-14,27.19116661,13.86358098,7.698512857,14.08664355,39.57343061,7.02847695,16.92445703,2.009007114,26.34323226
2021-01-15,7.683700152,3.001456098,0.663806578,17.94319279,30.12328648,13.03145173,14.16121407,10.48920744,15.64443382
2021-01-16,6.52817901,0,1.169625434,16.93234023,34.83358109,6.650221694,3.998261049,1.510037959,18.46263073
2021-01-17,6.040930984,0,1.918522556,6.52725054,16.29214724,6.462009639,4.486843774,2.715142357,7.115861654
2021-01-18,8.554973284,1.102463625,3.078538455,8.801683023,33.5252897,2.878673576,3.222381929,0,5.596122154
2021-01-19,5.991940254,12.30467263,3.041606082,6.431996514,24.18126452,3.760047855,10.98652294,4.644267706,12.8342201
2021-01-20,2.063906327,1.209271969,3.686083389,1.823487392,12.10468291,1.947189337,1.073435604,0,2.563649414
2021-01-21,0.879330632,1.054021845,2.60864363,0.919195416,10.60138104,1.319070934,2.770551998,1.702105528,3.635070391
2021-01-22,2.577856918,0,0,0.841361117,2.865792235,0,0.346532815,0,0.993577667
2021-02-04,3.461133987,0,0,0,0,0,0,1.494793555,0.533888416
2021-02-05,0.731567214,0,8.054877493,0,0,0.289495975,0,0,0.672887301
2021-02-06,9.765071702,5.351880452,1.208459762,6.040697018,7.550757817,5.107185198,2.792093495,2.325900677,1.733591807
2021-02-07,9.780957948,1.925445781,4.01105508,6.010284789,6.187033254,2.154731387,0.47639831,10.89614113,3.48925102
2021-02-08,4.875851496,0,0.626341297,1.880083583,3.856963892,2.309334623,2.830172712,2.036244438,3.117889688
2021-02-09,18.18054428,3.064570052,2.919632254,7.402534711,6.523565568,6.135399639,6.671139136,6.452224251,7.120676852
2021-02-10,15.05467332,5.213693923,3.989310602,7.134728719,14.5677536,10.75694917,4.773080384,12.90880444,10.40104318
2021-02-11,19.22203381,7.062518748,3.027361657,8.07681498,9.804094304,7.933370719,7.15272683,4.443253886,15.21310243
2021-02-12,12.59306936,8.5792355,0.776847448,8.643134994,6.490777076,3.95902365,4.230027685,7.829225654,4.64580894
2021-02-13,7.768106577,2.931166141,2.912390242,8.861374869,12.79262311,10.31253083,2.950485678,1.890219017,15.47539877
2021-02-14,7.640564806,3.950735273,3.434731892,6.078372732,10.35884261,6.638688607,2.425742748,9.387602982,5.454671615
2021-02-15,0,4.875816648,1.276430724,6.287633577,8.435204626,4.234530306,2.017653664,0,3.392986182
2021-02-16,10.9682679,1.603464892,1.479699276,7.582549999,7.764237356,8.715957871,14.478242,13.85429083,1.849118988
2021-02-17,2.767477701,1.134227096,1.522166583,4.708979271,8.184760438,4.217742264,3.370135029,0,3.212157718
2021-02-18,6.202112952,3.348833432,2.365030403,5.336571058,7.677398986,1.317498339,0.618590442,10.88050529,2.661412148
2021-02-19,3.331542746,1.155472414,0.94130873,0,13.02252737,0,0.383247474,0,2.674211042
2021-02-20,4.127394327,1.79657575,0.333449251,6.705837947,10.5766919,0.474688863,0,1.382355559,1.988893694
2021-02-21,0.482369467,0,0,2.54265451,6.66622502,0,2.449410336,0,0
2021-02-22,2.530620399,0,0,2.685607208,3.482881608,6.908873213,2.206275953,6.590024942,0.491807573
2021-03-11,0,0,0,0,0,0,0,0,0
2021-03-12,0,0.846946946,0,1.035344284,0,0,0,0,0
2021-03-13,7.298272163,0,0,0,2.300067255,1.019352714,4.038881724,2.015334592,3.074321419
2021-03-14,7.925729705,5.151507749,5.791746121,0.500458876,1.53502921,1.722120567,0,6.305805572,0.675095197
2021-03-15,0.911472342,0,0.902776267,0.573144191,0,0.647704687,0.923833007,0,0.862806995
2021-03-16,0,0,1.053983583,0.826867382,0,2.309500336,5.591778881,7.084118192,0.708841717
2021-03-17,2.376094873,3.795315812,1.891896718,0.841511387,2.510599087,3.717871071,5.579287103,2.378285636,2.33414295
2021-03-18,1.660194735,0,1.205513433,1.136518534,1.607153658,1.722358776,0.579071102,1.696097837,0
2021-03-19,4.827688133,0.745159146,0.634195905,1.783977339,2.17085891,1.903722527,0.962013446,1.046125714,4.651250424
2021-03-20,7.70482615,2.746186872,0,2.118994725,3.525293245,4.104208475,1.094562981,0.939949251,1.32947492
2021-03-21,1.167554039,0,0,1.012119575,1.347092612,0.435453578,1.503812305,2.270931477,3.82996013
2021-03-22,0.812904667,7.268919959,0.467015172,3.777309762,1.478506063,1.098013889,0.979015815,2.478615121,0.808738618
2021-03-23,10.44155585,0,1.771345894,0,3.2914986,1.528783828,0.983063853,0,0.520961144
2021-03-24,2.461961567,0,0,0,3.509865883,0,0,6.489085099,0.271998782
2021-03-25,4.453291476,1.748339261,0,1.703999477,1.750953284,0,1.250859187,3.089446709,0
2021-03-26,0,0,4.67385257,0,0,0,0,3.801094533,2.856006432
2021-03-27,0.45292865,2.851450519,0,1.067344587,3.419806076,0.390094869,0,7.726741331,1.410301445
2021-03-28,0,0,0,0,0,0.424493718,1.313656787,0,0
2021-03-29,0.544831623,0,0.319635013,0,4.982676718,1.421329521,2.868711682,0,0
2021-03-30,0,0,0,0,0,0,0,0,0
2021-04-15,0,0,0,0,0,0,0,0,0
2021-04-16,0,2.27445118,0,1.760715446,0.752925789,0,0.514758872,0,0
2021-04-17,0,0,2.175401829,0.737324882,0,1.192784618,1.372022715,1.048559472,0.601010569
2021-04-18,3.08880968,1.234462338,0,0.493268694,0,0.295350256,0.324808973,0,0.672262219
2021-04-19,6.422144532,0,0,3.891994934,0,0,0,2.027090073,0.5739056
2021-04-20,0,0,0,0,0.951902781,0.987126469,0,0,2.416008536
2021-04-21,0,0,0,0.447963854,1.386457904,0.458672491,0.514770905,0,1.538121306
2021-04-22,0,0,1.096272755,0.55787761,0,0.472995904,0.872985337,0,0
2021-04-23,1.324404565,0,0.829990682,1.082852031,3.094309335,0.640122163,1.794055035,0.222273775,0
2021-04-24,0.462627439,0.457248976,0,0.364810596,3.770673167,0.187156197,2.946981991,0,0.393824825
2021-04-25,0.517378795,0,0,1.299654084,1.674885067,1.051713585,0.560432913,1.790644747,2.544614322
2021-04-26,2.324770947,0.94849847,2.978520276,7.584441358,0,0.511704463,0,0,0
2021-04-27,1.431397254,1.255615038,0,1.40918981,4.047501234,0.440746611,1.215386307,0,0
2021-04-28,0,0,0,0,1.655098529,0.764034435,6.033032505,0,0.611772223
2021-04-29,0.551347668,0,1.293308176,0.368368174,0,0.549280062,0,2.788043923,1.096631838
2021-04-30,0,0,0,2.194038725,3.50255966,0,0,0,0.361222076
2021-05-01,0,0,0,0.638682278,0,1.050521904,0.4211503,0,0
2021-05-02,0,0,0,0,1.817823439,0,0,6.028672027,0
2021-05-03,0,0,0,0,0,0,0,0,0
2021-05-20,0,0,0,0,0,0,0,0,0
2021-05-21,0,0,0,0,0,0,0,0,0
2021-05-22,0,0,0,0,2.335718599,0,0,0,0
2021-05-23,0,0.644640799,0,0.754187538,0,0,1.219965154,0.512672385,0
2021-05-24,0,0,1.196118111,6.315139651,0.425715723,0,1.298718135,0,0
2021-05-25,4.822152012,0.994330851,0,0,0.450470174,0.671293086,0,2.18628869,1.699651906
2021-05-26,1.789129358,0,0.484779758,0.851604935,0,0.563043202,0,0,1.157400924
2021-05-27,3.49061325,0,1.047626282,0,2.025188194,0,1.029342613,0.669659059,0.541558648
2021-05-28,2.25084093,0,0.5301407,0.745354857,0.844150066,2.978341011,0.641109304,4.143009158,1.034022837
2021-05-29,5.250760133,0,0,2.789329271,0.467557262,2.624853001,1.627312786,0,2.969405808
2021-05-30,4.049049958,0,0,0,0,0,0,0,0
2021-05-31,0,0,0,1.057083243,1.121094077,0,0.594148363,2.291535657,0.990771486
2021-06-01,5.147427813,0,0,2.671926751,2.534758347,4.373114573,0.575234146,1.799367941,2.358372305
2021-06-02,0,0,0,1.497622476,3.817834385,0.575232155,2.183927897,2.801225328,1.400500098
2021-06-03,4.481228213,0,0,1.526049874,0.496495985,1.189678592,0,2.586194429,0
2021-06-04,1.096770141,0,0,0,0,0,0,0,2.125481617
2021-06-05,1.362685393,3.505543936,1.188387267,2.516336284,1.095114327,1.057731044,0,0,0
2021-06-06,0,0.537735732,1.484955414,2.544370364,1.179167794,0,0.993648397,0,0
2021-06-07,0,1.041131612,0,1.951005135,1.907717362,2.734612527,1.816844551,0,2.21184032
2021-06-24,0,0,0,1.524784665,0,0,0,0.700213979,0
2021-06-25,0,1.473665075,0,0,0,0,0,0,0
2021-06-26,3.27438198,0,0,0.877290457,4.052997016,1.480288402,1.858575179,1.034195726,0
2021-06-27,3.075851831,0,0,1.313325915,2.609588752,2.915091797,2.05210028,1.654524938,1.822019795
2021-06-28,0.746608434,0.510058321,3.802526742,1.932948233,9.207438579,0,0.646305652,7.083029466,1.326509293
2021-06-29,3.710414448,0,1.046602373,3.173273309,4.406733721,2.06698532,2.07981254,3.722832665,3.085032734
2021-06-30,8.302585558,4.50214584,5.205595103,6.067775483,2.574858666,2.565132304,1.967848573,3.51522687,2.135703482
2021-07-01,7.984809531,0,2.533218504,4.890191019,13.55465375,1.246587318,0,4.287315905,4.56397132
2021-07-02,4.963197254,8.095296051,1.772917138,3.744887787,15.58327736,9.300512026,5.614448131,5.763896905,7.609365721
2021-07-03,8.259552548,1.622835813,3.049394787,2.208324737,20.13073065,1.344843875,11.58620867,9.044076717,3.468441369
2021-07-04,4.358012927,1.332525137,0.702176586,7.0563771,7.317734965,1.45475515,3.065787073,3.581055382,3.066217499
2021-07-05,7.147356297,3.939757957,3.278000535,5.098691851,12.96937822,4.800983398,0.941705229,6.5288236,2.561572734
2021-07-06,7.070913322,4.084407907,2.282570034,7.268115662,6.216117328,8.80096749,3.378415222,9.738303422,1.796372025
2021-07-07,4.207286348,0,3.722631042,2.448643584,11.11123856,3.624077312,0.473405142,2.235177988,2.721184698
2021-07-08,6.936122629,1.895912437,10.95396024,4.569073057,2.358807431,5.062271297,3.345734981,0.861455214,1.233997749
2021-07-09,9.115557106,0.910207947,0,1.957206059,3.131433502,3.123392748,6.01061118,8.54794241,4.915795724
2021-07-10,3.878873463,1.5656672,3.671308958,1.144185592,5.577739117,0.718313324,6.943540325,2.283508171,1.064241605
2021-07-11,0.959473719,1.153339595,0,3.02899052,4.627976579,1.14628239,2.348892248,3.634606345,0
2021-07-12,4.892670612,1.058309507,0,3.66993272,6.655752473,2.635263368,1.106384343,4.764921782,3.064591244
2021-09-09,2.366139342,0,0.64683754,2.552771513,1.27668463,1.495886404,1.307245457,3.933284819,0
2021-09-10,4.847659197,2.700908542,1.922523755,4.395525939,1.438836455,4.455718224,3.254178564,2.387144357,0
2021-09-11,2.904475333,1.825167571,0,1.620678457,0.449351798,3.561320451,1.389198497,1.833667191,1.864617982
2021-09-12,1.607693347,0,0,3.732263924,1.655813248,0.804016946,2.542609466,2.484099672,4.507614947
2021-09-13,5.30775841,5.064606667,6.413405825,6.966663399,0.630150863,4.987686839,2.879855682,9.952340324,3.154133723
2021-09-14,7.558636763,0.925026708,6.621790062,8.794655945,3.808107564,4.359262419,11.21562237,8.874106149,5.526576626
2021-09-15,8.810890513,6.633768368,4.66779507,5.443537433,2.482670895,0.591589088,4.106698968,13.75037264,7.791143777
2021-09-16,9.308433986,1.301667339,3.032362349,8.491548688,2.005116884,4.320306754,11.5643558,6.164830601,6.73594901
2021-09-17,12.29662,0.583320803,6.747521179,5.519429991,4.649927324,5.799138923,11.00174842,8.645028994,5.459340842
2021-09-18,6.420960811,3.741246547,0,5.253432716,10.52872851,3.412654857,3.811152736,9.778883434,8.099735746
2021-09-19,3.443754355,4.144157513,2.083923764,4.257534584,3.189730782,11.23618699,10.25316433,3.83208508,2.94485424
2021-09-20,8.605679661,1.27401134,7.062598187,11.29573302,7.564148737,13.96794544,6.692816424,13.51490768,5.487234551
2021-09-21,9.039212644,1.769353446,5.026669246,2.052581296,11.27147082,2.498258972,7.902078314,4.318919278,3.71479319
2021-09-22,4.856822258,2.270943317,2.591626526,3.433334057,7.462710353,8.155117396,6.318725213,6.126196758,3.3032793
2021-09-23,10.16369703,2.331610821,0.70495965,3.530766569,3.393575444,5.12007753,5.385642364,3.903222496,7.275543606
2021-09-24,7.873508021,0,2.566402014,7.121329822,11.83809126,5.089664127,1.456725405,5.03460071,2.886597455
2021-09-25,2.709981585,0.660668744,1.863660331,3.998484919,6.17332327,4.586088626,1.011420113,4.951360179,5.184258714
2021-09-26,3.517518385,1.235927602,1.16111452,1.716883941,4.893790419,4.346012188,4.147506927,0,1.911385771
2021-09-27,5.031198822,0,2.313009445,1.585942053,3.22561826,3.057946932,3.144514198,3.021290394,1.226100597
2021-09-28,0.586486222,0,2.016937098,0,1.79164082,1.924396179,0,0.974757401,2.831968559
2021-09-29,0,0,0,0,0,0,0,0,0
2021-09-30,0,0,0,0,0,0,0,0,0
2021-10-19,4.42587974,1.619461163,4.895657406,1.659967852,1.083320206,1.614026768,3.965672648,0.599123084,2.73737932
2021-10-20,4.305259197,0,9.051307027,8.497890353,6.118647214,12.86877068,12.86502436,3.800093956,6.587525617
2021-10-21,6.396105295,8.998744306,9.715063773,16.45289399,11.36937518,8.249529573,5.552601845,10.18337888,12.06000346
2021-10-22,12.82680933,2.824126359,19.60441118,22.15943836,7.817155655,8.66505997,6.120352541,9.486737575,7.866274709
2021-10-23,9.753829615,3.170722278,14.97627805,18.64804942,6.576738932,8.077061622,6.195682168,6.007178326,15.2229699
2021-10-24,3.497812411,3.108929774,5.316678653,7.060063541,7.438117273,4.609723543,2.296074558,0,5.91346214
2021-10-25,35.42204749,11.14291045,31.35719852,32.51802098,16.27014063,16.26966033,22.64698783,18.26636643,18.77246029
2021-10-26,22.72932664,10.5981324,17.77949775,23.49449286,15.49145134,10.69609871,12.50943381,15.17849011,17.06034521
2021-10-27,16.63803532,4.991075038,18.99893151,25.08289807,17.9928895,4.727463783,17.36840459,13.64685115,15.46944625
2021-10-28,14.48776262,6.048051023,8.089458838,25.44706013,11.82159864,9.994610772,18.33890091,9.489728062,6.790597764
2021-10-29,20.36139242,4.701071838,12.507542,18.21522422,14.71240899,12.80644225,6.059425146,9.767483353,11.56628604
2021-10-30,9.350410962,2.569074721,4.719432953,8.828612801,11.0799189,0.550989575,7.915311289,5.921283674,10.81880563
2021-10-31,4.315462977,0,3.253328669,4.949958891,5.372555451,4.226551406,1.516424247,1.633790063,1.343793974
2021-11-01,14.94064219,7.22664262,10.00225168,18.73561123,18.97255208,11.8897069,15.6359605,4.049582639,14.93445027
2021-11-02,8.610700061,3.232648821,13.27901478,12.83416976,14.18887032,2.011787337,9.183871843,8.475959844,11.07299688
2021-11-03,5.985334757,5.619805085,11.12019336,10.9733306,12.22071866,2.007736659,1.052117447,6.829191428,10.00675955
2021-11-04,0.540577738,1.329540298,3.056234872,2.333004649,0.627327126,0.646489999,3.417222418,1.994940163,0.612232415
2021-11-05,0,0,0,1.884045502,0,0,0,5.734184001,0.970270929
2021-11-06,0,0,0,0,0,0,0,0,0
2021-11-07,0,0,0,0,0,0,0,0,0
2021-11-08,0,0,0,0,0,0,0,0,0
2021-11-23,0.755272483,0.713680479,4.617955766,2.346247965,4.818576641,1.699762475,5.719432766,7.904386498,5.964380808
2021-11-24,1.969176472,3.875138586,9.617949709,12.70552257,5.164887422,11.91974846,2.68715359,4.872048047,7.323201685
2021-11-25,12.93713547,5.158451649,11.72275762,14.16198586,12.23012149,9.899413933,7.347303986,8.749606228,7.159287292
2021-11-26,6.654464743,1.739712407,6.566476938,18.00495213,5.711660329,13.57520079,2.942390257,9.159966837,1.874427684
2021-11-27,4.980355876,1.955946959,4.969831227,12.44685051,14.72351566,9.016173667,2.371325986,4.796802015,3.400214678
2021-11-28,2.111202739,0,3.112711538,1.99572367,9.044934981,2.123201837,0,4.862803871,6.510522918
2021-11-29,12.79334912,2.758425752,15.29078957,28.5711662,17.41972474,8.198779695,6.287995667,9.784594816,13.79584287
2021-11-30,15.54102037,7.333697182,27.20272044,23.60610863,16.97967982,11.97615958,8.308757556,11.90197247,18.82800008
2021-12-01,10.35050874,1.601480567,13.59082636,13.7928187,11.37087662,5.256755534,5.435470817,8.824310863,8.096201623
2021-12-02,5.721232574,0,8.810116468,12.7895466,15.60306079,9.625384876,11.29133684,6.24988915,6.083476466
2021-12-03,3.096508501,3.635829982,1.866757774,13.83417896,14.31564245,7.804559312,5.6727985,2.338688235,3.098906855
2021-12-04,7.352986157,0,1.312277108,6.762464126,8.417857814,0,4.977932626,0.99306328,0.794705611
2021-12-05,2.861430846,0.53930957,4.66237809,3.947757625,8.170781792,2.805238748,1.676870697,3.288802208,3.124777935
2021-12-06,12.12768309,0,6.796557327,6.061104411,13.33501848,6.097759033,8.719868024,2.426920521,6.374295493
2021-12-07,1.484248502,2.058005606,9.667495739,12.48732848,8.767252335,7.950551261,3.577020152,5.750462005,2.97247689
2021-12-08,1.636759902,2.655741043,6.202706961,12.55657746,1.69488468,3.162795754,4.043152218,8.201819536,11.64454214
2021-12-09,2.013723597,0,1.982248784,4.072414584,10.13415411,5.77566313,0.680624758,1.656110489,8.338219267
2021-12-10,1.814251679,0.652944758,4.335232421,1.46848681,15.11782097,0.824061779,5.227824066,6.255961686,0
2021-12-11,2.968512428,0.913023695,2.862606171,4.708104967,7.027769471,3.02147991,0.673223211,1.086875506,0
2021-12-12,0.84935611,0,0.865502866,2.337421819,9.894665703,6.794281302,0.465978588,0.959764746,0
2021-12-13,2.347421176,2.38958832,1.893466699,18.61243023,19.19057584,6.162599412,2.046548714,1.991573809,7.406478394
2021-12-14,1.997167329,1.308260475,1.532867708,4.297964423,22.35459588,0.785279846,4.607096527,0.712955612,1.02381683
2021-12-15,0,0,0,5.661503007,3.431025046,1.149855091,0,0,1.404771997
2021-12-16,2.84876361,0,0,0,0.882406589,0,0,0,0
2021-12-17,0,0,0,0,0.927906476,0,0,0,0
2022-01-05,27.5056768,5.818227782,11.34534169,23.71151754,30.5877969,6.975725009,25.41767672,27.44201518,10.20675504
2022-01-06,47.43945602,30.07692083,22.54190358,36.75344391,31.35609088,32.08446591,40.57661352,57.94067927,32.25685561
2022-01-07,41.76126128,24.56712841,25.84285923,44.01201717,48.14420622,31.17715774,37.42808178,39.30065816,36.83468111
2022-01-08,47.50945745,15.33990332,19.66984332,30.48691343,41.23273895,13.54505036,31.23317384,31.57583269,18.68812626
2022-01-09,22.69108609,8.691200432,10.04318371,16.35743263,30.62088635,8.167439089,13.17194729,23.48567712,10.30129782
2022-01-10,103.1585225,44.09969026,42.06507871,71.34673102,79.67314756,61.10320064,68.79884902,65.36684736,44.8648339
2022-01-11,64.31996905,30.4315346,24.05710162,52.72190926,63.88904841,42.05640215,41.83414818,53.70395066,41.86252635
2022-01-12,62.62427013,26.17261588,21.59925156,40.4689078,55.64617731,31.02659204,33.70395577,41.38144606,36.03242448
2022-01-13,45.78655778,23.6893509,25.97491272,47.1806365,49.49352494,26.64949002,47.94688054,37.32753138,21.55654797
2022-01-14,33.08791615,20.62594169,14.33317249,29.30156487,46.03200635,15.89404007,31.63088883,43.62572586,24.64389919
2022-01-15,26.1822985,4.867089736,14.25275836,27.55000941,35.84531758,16.3619452,18.9211456,14.24280848,11.94919109
2022-01-16,8.737583731,1.688603705,5.916707171,13.89490782,20.99023404,3.836110514,9.40833755,15.61037673,9.291503937
2022-01-17,46.57911727,27.65187078,18.32186766,36.74130045,52.36489493,16.52395662,42.6799932,25.69622166,36.87235954
2022-01-18,22.6215421,15.8684266,16.02874265,20.96711099,36.39679439,19.08766662,27.44947487,19.53249737,13.55103988
2022-01-19,13.86730528,5.702415258,16.03397915,16.06426709,37.03883069,6.749555215,21.90609198,10.25464058,17.25662813
2022-01-20,18.42578415,13.94700869,7.568266391,20.97313136,30.45275814,10.27398961,14.37536476,5.841676068,5.81438496
2022-01-21,3.705927629,4.893887572,1.437014945,5.840712214,8.00446914,2.441008099,7.21830497,1.398595615,3.628729826
2022-01-22,0.388543257,0,0,0,0.676026889,1.803724722,0,1.064228611,1.470927557
2022-01-23,0,0,0,0,0,0,0,0,0
2022-01-24,0,0,0,0,1.07017267,0,0,0,0
2022-02-08,7.297140825,3.581683906,3.35445012,10.73309268,12.05165459,7.992801596,19.6599007,6.633175171,19.38971954
2022-02-09,19.49798644,4.100394569,8.564800386,27.58065195,22.53585498,14.22047298,17.48242739,7.533842576,14.88677587
2022-02-10,19.6985115,2.287734375,20.83436657,34.68988361,17.86729021,15.10735955,17.6649349,13.09585046,13.77011097
2022-02-11,21.33607277,6.804227726,26.05736688,42.8911041,30.29784006,16.47144728,17.38042429,14.05434986,33.02770076
2022-02-12,18.78169506,8.310352168,29.85717987,34.14136432,33.28601952,15.51454181,8.762613854,11.55347793,18.17859182
2022-02-13,6.68310179,3.704237133,7.872146969,12.27705597,11.69954001,7.565568071,6.521099666,4.233604003,16.2742988
2022-02-14,38.18242298,17.25841555,36.63783934,59.24220193,60.4624803,35.74999104,30.11165808,29.23301025,31.252233
2022-02-15,13.69493527,11.68101853,27.11565156,55.25915768,33.56073126,10.13774588,23.76119982,31.02259669,25.41812972
2022-02-16,20.21134565,6.016103315,32.23784391,47.50123404,45.25998314,17.1944325,19.82560968,19.57500152,28.57277085
2022-02-17,21.11278483,5.733182875,17.94497606,38.24339671,34.67309436,10.59645555,23.70244894,17.1572625,15.88296
2022-02-18,10.58279242,3.616480999,10.86017973,17.70634012,15.92524245,8.260207171,12.66488443,9.715215532,6.391695474
2022-02-19,6.857026082,0,10.84853914,14.35490081,7.221362381,4.724214849,2.181937788,2.865852615,12.65114028
2022-02-20,10.49508682,2.439876132,5.322692977,11.18693388,13.51076574,3.429009633,2.627146818,4.770489517,3.686010431
2022-02-21,27.20992588,6.70877477,15.74149494,31.67103651,34.20283504,5.500721631,11.91080587,17.64644613,16.42177946
2022-02-22,13.78858379,3.036980349,11.23231643,19.58849893,14.89939983,4.521275363,4.893981452,4.699681897,11.42709303
2022-02-23,11.79268821,0,5.460777487,21.12341844,15.607706,9.585327291,3.251377263,8.985669542,10.25679113
2022-02-24,5.458543778,0.456278581,8.213279896,7.967129502,10.17508813,4.559234213,5.509546711,3.455979388,1.458162464
2022-02-25,10.04851171,2.340262402,8.026422064,12.68882582,10.68907242,2.339362339,5.917542611,0.742797164,2.615299801
2022-02-26,2.276136741,1.892972527,2.168566351,3.881323535,12.32273538,2.338939151,1.757723031,1.834090068,3.946085446
2022-02-27,0,1.067839662,1.53774961,4.442737139,4.745733291,3.15122698,5.084782867,0,5.187409362
2022-02-28,9.638086437,6.937852462,13.82207322,15.42646371,15.20312003,3.483638927,5.568779014,10.30872124,9.085914284
2022-03-01,4.69033604,2.819565779,1.625177638,4.736641037,6.764461149,1.906623155,3.031921286,2.762013512,5.856287666
2022-03-02,0.879444875,0,0,2.149239854,5.351083236,0,1.653522588,0,4.369548051
2022-03-03,1.219904558,0,0,0,1.08144492,0.847256436,0.827202765,0,0
2022-03-04,0,0,0,0,0,0,0,0,0
2022-03-08,12.92221419,5.222427828,9.153587968,23.13464312,13.882518,8.800877404,10.41183184,4.609205305,11.35732631
2022-03-09,22.48872911,4.293648549,18.67754217,29.27552029,23.66493507,22.51045404,12.45077131,14.41797768,22.61488662
2022-03-10,30.50729059,6.705681588,36.04749278,36.7254871,30.69608434,19.50076459,15.36741325,17.92682654,28.25514219
2022-03-11,21.66645844,10.10710158,31.8976824,43.97715631,42.08271315,26.19773341,17.04328882,22.12299598,30.57068049
2022-03-12,21.49591622,5.982205159,41.64555986,39.44115958,36.27255929,24.51972449,20.27533925,11.62446738,27.47686521
2022-03-13,13.13883598,5.716174733,22.86404149,23.14900851,28.82518266,17.79813272,13.37247163,18.02008203,11.58155593
2022-03-14,77.33283386,19.96073492,88.71892942,138.7182036,82.35763548,47.00898843,58.25601905,47.1049144,79.59787461
2022-03-15,55.39309827,21.76779985,86.75274394,103.412008,85.73009764,40.91366716,58.90414452,58.82897618,62.43737645
2022-03-16,75.58759887,29.11461203,92.62124065,124.2884762,108.8320468,45.27326177,48.8387839,58.57574663,99.91838074
2022-03-17,66.96342609,22.78606218,74.1896073,98.46627876,85.56594293,51.40245224,57.06984815,60.72461886,63.89415166
2022-03-18,60.32848233,16.6401734,52.24422389,85.62945666,78.26983273,43.07125656,29.196999,32.70787112,51.83277256
2022-03-19,21.86503351,13.17114043,30.40882222,31.38343443,43.27202693,21.15079653,25.12465729,22.59285922,35.63310448
2022-03-20,14.48060744,8.529056757,25.35051799,27.63794997,24.29672005,7.876645023,11.78889701,10.97992012,23.19410607
2022-03-21,60.05241786,17.65995125,81.81657994,95.40415962,83.77788676,42.22120608,45.77574058,45.46321866,84.1130508
2022-03-22,53.18276187,19.16441587,45.6370773,69.57484876,57.04724324,34.12850953,33.72017102,26.60566652,45.77315292
2022-03-23,40.52415935,11.2634685,32.00525527,44.72133503,26.4297473,23.02450167,27.44272135,43.42063753,32.37432595
2022-03-24,27.49134978,6.258251152,35.71649656,42.10683819,30.49953831,21.84019057,16.31858223,14.10570192,27.2313897
2022-03-25,13.15632528,13.53149984,20.99138309,39.40341635,30.96196698,14.36292536,16.09028963,17.62299181,22.37122666
2022-03-26,16.12771763,2.554773391,13.94417117,15.25090611,13.70527041,3.09338041,6.462723122,8.266764742,13.81241296
2022-03-27,8.1476507,0,6.297828388,4.205088528,9.525989539,3.304390378,8.274058789,3.848977477,7.903768821
2022-03-28,19.39510864,7.722285843,22.50507567,37.84373053,38.51224542,21.02501201,11.44827749,19.28877372,33.44766938
2022-03-29,25.0194896,4.062937368,22.08549082,31.82358583,18.5139662,11.24743749,19.88429631,28.54420841,22.64235119
2022-03-30,11.9657215,6.938369213,11.20255853,18.61048142,29.0204029,3.493691287,4.670821997,10.70191276,16.8572584
2022-03-31,8.836896322,3.326882196,8.42474298,7.201346193,9.182389166,6.111839562,7.239600412,2.796884003,9.609435153
2022-04-01,0,0,0,0,0,0,0,0,0
