"ltla","ltla_code","region","positive","number_samples","prevalence","lower","upper"
"Walsall","E08000030","West Midlands",12,283,0.0424028268551237,0.024419963908964,0.072642221366345
"Salford","E08000006","North West",8,229,0.0349344978165939,0.0178061903033791,0.0674082681577044
"Wakefield","E08000036","Yorkshire and The Humber",8,264,0.0303030303030303,0.0154334159748455,0.0586457012314902
"Newham","E09000025","London",3,105,0.0285714285714286,0.00976383903870233,0.0806562906373156
"Oldham","E08000004","North West",7,247,0.0283400809716599,0.0137943846602414,0.0573320507566708
"Leicester","E06000016","East Midlands",7,248,0.0282258064516129,0.0137384933531934,0.0571055166213393
"Nottingham","E06000018","East Midlands",8,288,0.0277777777777778,0.0141412650391763,0.0538458499542579
"Islington","E09000019","London",6,249,0.0240963855421687,0.0110893184762221,0.0515644049067311
"South Staffordshire","E07000196","West Midlands",8,341,0.0234604105571848,0.0119346682042173,0.0456032475920704
"Boston","E07000136","East Midlands",8,346,0.023121387283237,0.0117615308018936,0.0449540422682026
"Chorley","E07000118","North West",7,311,0.022508038585209,0.0109447547002058,0.0457233184548454
"Southwark","E09000028","London",5,226,0.0221238938053097,0.0094861571092953,0.050735610067584
"East Lindsey","E07000137","East Midlands",8,367,0.0217983651226158,0.011086060227827,0.0424178249197279
"Mansfield","E07000174","East Midlands",8,367,0.0217983651226158,0.011086060227827,0.0424178249197279
"Gloucester","E07000081","South West",4,194,0.0206185567010309,0.00804666212366038,0.05180661075089
"Kingston upon Hull, City of","E06000010","Yorkshire and The Humber",7,343,0.0204081632653061,0.0099201177627121,0.0415196924645813
"Stafford","E07000197","West Midlands",7,344,0.0203488372093023,0.00989118023762766,0.0414007470708162
"Spelthorne","E07000213","South East",7,345,0.0202898550724638,0.00986241104881019,0.0412824811925237
"Stockport","E08000007","North West",7,345,0.0202898550724638,0.00986241104881019,0.0412824811925237
"Dartford","E07000107","South East",6,300,0.02,0.00919763155770362,0.0429396208178606
"Dudley","E08000027","West Midlands",7,352,0.0198863636363636,0.00966561921716469,0.0404731669709964
"Burnley","E07000117","North West",5,253,0.0197628458498024,0.00847032774430103,0.0454207336297005
"Tamworth","E07000199","West Midlands",6,305,0.019672131147541,0.00904633965906372,0.0422468347780228
"South Kesteven","E07000141","East Midlands",8,413,0.0193704600484262,0.00984727546604248,0.0377522576438083
"Hartlepool","E06000001","North East",4,207,0.0193236714975845,0.00753962604256751,0.0486232315231471
"Wigan","E08000010","North West",5,262,0.0190839694656489,0.00817839921551816,0.0438881929635068
"East Staffordshire","E07000193","West Midlands",7,369,0.018970189701897,0.00921888147130852,0.0386337872665702
"Stoke-on-Trent","E06000021","West Midlands",5,271,0.018450184501845,0.00790592305795165,0.0424556886147773
"Sandwell","E08000028","West Midlands",5,273,0.0183150183150183,0.00784782033159829,0.0421499613578091
"Sheffield","E08000019","Yorkshire and The Humber",6,342,0.0175438596491228,0.00806468646721356,0.0377408652289679
"Bury","E08000002","North West",5,290,0.0172413793103448,0.00738640140450696,0.039718792247354
"Lincoln","E07000138","East Midlands",5,291,0.0171821305841924,0.00736094303551295,0.0395844861319357
"Stroud","E07000082","South West",4,242,0.0165289256198347,0.0064460688102188,0.0417209851826179
"High Peak","E07000037","East Midlands",6,370,0.0162162162162162,0.00745268394031009,0.0349221207982199
"Bradford","E08000032","Yorkshire and The Humber",5,311,0.0160771704180064,0.006886252787747,0.0370770132717493
"Wyre Forest","E07000239","West Midlands",6,374,0.0160427807486631,0.00737275626750858,0.0345534496870681
"Slough","E06000039","South East",4,250,0.016,0.00623922457047117,0.0404098093411192
"Havering","E09000016","London",5,314,0.0159235668789809,0.00682027922401761,0.0367280321638388
"Blaby","E07000129","East Midlands",6,389,0.0154241645244216,0.00708770614693252,0.0332376171227906
"Warwick","E07000222","West Midlands",6,391,0.0153452685421995,0.00705135630107137,0.0330697061324662
"Wolverhampton","E08000031","West Midlands",4,261,0.0153256704980843,0.00597557294671856,0.0387359268064646
"Rossendale","E07000125","North West",5,329,0.0151975683890578,0.00650850650708649,0.0350772348537897
"Newcastle upon Tyne","E08000021","North East",4,265,0.0150943396226415,0.00588514060635753,0.0381611120536233
"Runnymede","E07000212","South East",5,338,0.014792899408284,0.00633475960573461,0.0341561125911173
"Cannock Chase","E07000192","West Midlands",5,339,0.0147492625368732,0.00631602532721604,0.034056743089725
"Canterbury","E07000106","South East",5,342,0.0146198830409357,0.00626048150213506,0.0337620735376596
"Hinckley and Bosworth","E07000132","East Midlands",6,423,0.0141843971631206,0.00651662082731374,0.0305965941459036
"Swindon","E06000030","South West",5,353,0.0141643059490085,0.00606491785012332,0.0327239013258716
"Tewkesbury","E07000083","South West",3,214,0.014018691588785,0.00477886977060994,0.040398291977993
"Birmingham","E08000025","West Midlands",4,290,0.0137931034482759,0.00537659360948718,0.0349222085684585
"Bolsover","E07000033","East Midlands",5,365,0.0136986301369863,0.0058650510977401,0.0316618008590593
"Solihull","E08000029","West Midlands",4,293,0.0136518771331058,0.00532141354493962,0.034570112617674
"Lichfield","E07000194","West Midlands",5,368,0.0135869565217391,0.00581712589278853,0.0314069611269664
"Tameside","E08000008","North West",4,296,0.0135135135135135,0.00526735460920235,0.03422504536533
"Bexley","E09000004","London",4,296,0.0135135135135135,0.00526735460920235,0.03422504536533
"Brentwood","E07000068","East of England",4,297,0.0134680134680135,0.00524957821799783,0.034111548626397
"Swale","E07000113","South East",5,375,0.0133333333333333,0.00570828931892381,0.0308279938634438
"Bolton","E08000001","North West",4,303,0.0132013201320132,0.00514538954930549,0.0334460669839976
"Mid Sussex","E07000228","South East",5,381,0.0131233595800525,0.00561819113820971,0.0303484608517027
"Rochdale","E08000005","North West",3,229,0.0131004366812227,0.00446515152010081,0.0378016289344608
"Amber Valley","E07000032","East Midlands",5,382,0.0130890052356021,0.00560345056783068,0.0302699852806649
"Ashfield","E07000170","East Midlands",5,385,0.012987012987013,0.00555968933689708,0.0300369748219955
"Sefton","E08000014","North West",4,310,0.0129032258064516,0.00502894487541628,0.0327017579615835
"Kirklees","E08000034","Yorkshire and The Humber",4,310,0.0129032258064516,0.00502894487541628,0.0327017579615835
"Thanet","E07000114","South East",5,388,0.0128865979381443,0.00551660633692038,0.0298075241477713
"Broxbourne","E07000095","East of England",4,312,0.0128205128205128,0.00499663680414264,0.0324951442460982
"Havant","E07000090","South East",5,392,0.0127551020408163,0.00546019038932164,0.0295069877883536
"Nuneaton and Bedworth","E07000219","West Midlands",4,316,0.0126582278481013,0.00493325023435879,0.0320896512505064
"Redcar and Cleveland","E06000003","North East",4,317,0.0126182965299685,0.00491765408398634,0.0319898542667716
"Gravesham","E07000109","South East",4,322,0.0124223602484472,0.00484112950857422,0.0315000373384914
"Bournemouth, Christchurch and Poole","E06000058","South West",5,403,0.0124069478908189,0.00531083352804558,0.02871091750199
"Hastings","E07000062","South East",4,323,0.0123839009287926,0.00482610950364141,0.0314038683682612
"Harlow","E07000073","East of England",4,325,0.0123076923076923,0.00479634737580158,0.0312132812858656
"Milton Keynes","E06000042","South East",4,328,0.0121951219512195,0.00475238615424624,0.030931698838559
"Craven","E07000163","Yorkshire and The Humber",4,329,0.0121580547112462,0.0047379109488933,0.0308389635866593
"North East Derbyshire","E07000038","East Midlands",5,413,0.0121065375302663,0.00518197305254809,0.0280235983410788
"Basildon","E07000066","East of England",3,248,0.0120967741935484,0.00412236552054738,0.0349556277009779
"Redbridge","E09000026","London",3,250,0.012,0.0040893198805343,0.0346807804270196
"Eastleigh","E07000086","South East",4,334,0.0119760479041916,0.00466683777983605,0.0303835046560189
"Blackburn with Darwen","E06000008","North West",3,251,0.0119521912350598,0.00407299494325127,0.0345449711688426
"Blackpool","E06000009","North West",4,338,0.0118343195266272,0.00461149632375837,0.0300287104596597
"Luton","E06000032","East of England",3,255,0.0117647058823529,0.00400897812629819,0.0340122062138486
"Maidstone","E07000110","South East",4,340,0.0117647058823529,0.00458431489479522,0.0298544024760184
"Worcester","E07000237","West Midlands",4,343,0.0116618075801749,0.00454413829435903,0.0295967019066845
"Middlesbrough","E06000002","North East",3,258,0.0116279069767442,0.00396227074024854,0.0336232929249518
"Waltham Forest","E09000031","London",3,259,0.0115830115830116,0.00394694253189327,0.033495624043602
"Portsmouth","E06000044","South East",4,346,0.0115606936416185,0.00450465978873257,0.0293434120224569
"Watford","E07000103","East of England",3,266,0.0112781954887218,0.00384287821152482,0.0326283848171621
"Epping Forest","E07000072","East of England",3,273,0.010989010989011,0.00374416042602911,0.0318049183232932
"North West Leicestershire","E07000134","East Midlands",4,374,0.0106951871657754,0.00416679142135513,0.0271729637702887
"Hambleton","E07000164","Yorkshire and The Humber",4,377,0.0106100795755968,0.00413357336211002,0.0269593093754001
"Wyre","E07000128","North West",4,379,0.0105540897097625,0.00411172067658176,0.0268187298999326
"Leeds","E08000035","Yorkshire and The Humber",3,287,0.0104529616724739,0.00356119685274373,0.0302766846535564
"Enfield","E09000010","London",3,301,0.00996677740863787,0.00339528177381774,0.0288885777076539
"Hart","E07000089","South East",4,404,0.0099009900990099,0.00385684893065305,0.0251776167044362
"South Gloucestershire","E06000025","South West",4,406,0.00985221674876847,0.00383781746277171,0.0250549618445427
"Barking and Dagenham","E09000002","London",2,204,0.00980392156862745,0.00269271921576089,0.035035359028046
"Guildford","E07000209","South East",4,410,0.00975609756097561,0.0038003124825935,0.0248132025925713
"Scarborough","E07000168","Yorkshire and The Humber",4,411,0.0097323600973236,0.00379105049519751,0.0247534900007232
"North Somerset","E06000024","South West",4,416,0.00961538461538462,0.00374540959726687,0.0244591866185427
"Harborough","E07000131","East Midlands",4,418,0.00956937799043062,0.00372745947097172,0.0243434154349663
"Barrow-in-Furness","E07000027","North West",3,314,0.00955414012738853,0.00325448666577597,0.027708934082447
"Calderdale","E08000033","Yorkshire and The Humber",3,316,0.00949367088607595,0.00323385572822196,0.0275359477143372
"Fenland","E07000010","East of England",3,327,0.00917431192660551,0.00312490359667717,0.0266218483846937
"North East Lincolnshire","E06000012","Yorkshire and The Humber",4,437,0.0091533180778032,0.00356514082285089,0.0232958963680964
"West Devon","E07000047","South West",3,328,0.00914634146341463,0.00311536178481801,0.0265417487391922
"Richmondshire","E07000166","Yorkshire and The Humber",3,336,0.00892857142857143,0.00304107504179223,0.0259178955759941
"Gedling","E07000173","East Midlands",3,344,0.00872093023255814,0.00297024857570137,0.0253226951523412
"Newcastle-under-Lyme","E07000195","West Midlands",3,345,0.00869565217391304,0.00296162656182786,0.0252502117155504
"Trafford","E08000009","North West",3,346,0.00867052023121387,0.00295305445901947,0.0251781420374433
"York","E06000014","Yorkshire and The Humber",3,347,0.00864553314121038,0.00294453183513859,0.0251064825853773
"Northampton","E07000154","East Midlands",3,351,0.00854700854700855,0.00291092765875003,0.0248238777763362
"Crawley","E07000226","South East",3,352,0.00852272727272727,0.00290264611907232,0.0247542178486902
"Eastbourne","E07000061","South East",3,355,0.00845070422535211,0.0028780818380882,0.0245475641645709
"Sevenoaks","E07000111","South East",3,355,0.00845070422535211,0.0028780818380882,0.0245475641645709
"Tunbridge Wells","E07000116","South East",3,355,0.00845070422535211,0.0028780818380882,0.0245475641645709
"Epsom and Ewell","E07000208","South East",3,355,0.00845070422535211,0.0028780818380882,0.0245475641645709
"Warrington","E06000007","North West",3,356,0.00842696629213483,0.00286998587613224,0.0244794442116277
"Staffordshire Moorlands","E07000198","West Midlands",3,357,0.00840336134453781,0.00286193533393386,0.0244117012732844
"Wirral","E08000015","North West",3,357,0.00840336134453781,0.00286193533393386,0.0244117012732844
"Lambeth","E09000022","London",2,239,0.00836820083682008,0.00229787026044864,0.029992574949255
"New Forest","E07000091","South East",3,360,0.00833333333333333,0.0028380524355807,0.0242107035049679
"Windsor and Maidenhead","E06000040","South East",3,367,0.00817438692098093,0.00278384620461994,0.0237543376650875
"Westminster","E09000033","London",2,245,0.00816326530612245,0.0022415238397857,0.0292703426227252
"Hyndburn","E07000120","North West",2,246,0.00813008130081301,0.00223240033644828,0.029153338674633
"Bath and North East Somerset","E06000022","South West",3,370,0.00810810810810811,0.00276124369192421,0.0235639767684806
"Tower Hamlets","E09000030","London",2,248,0.00806451612903226,0.00221437433923665,0.0289221146940368
"Carlisle","E07000028","North West",3,375,0.008,0.00272437756547036,0.0232533991312245
"Melton","E07000133","East Midlands",3,379,0.0079155672823219,0.00269558595735193,0.0230107700131059
"Torridge","E07000046","South West",2,253,0.00790513833992095,0.00217055775149311,0.0283597890885332
"Norwich","E07000148","East of England",3,391,0.00767263427109974,0.00261275022065385,0.0223123395865017
"Fareham","E07000087","South East",3,396,0.00757575757575758,0.00257971892077585,0.0220336837256652
"Daventry","E07000151","East Midlands",3,396,0.00757575757575758,0.00257971892077585,0.0220336837256652
"Sutton","E09000029","London",2,268,0.00746268656716418,0.00204892916555649,0.0267967769114784
"Pendle","E07000122","North West",2,273,0.00732600732600733,0.0020113598923682,0.0263133673869116
"Sunderland","E08000024","North East",2,273,0.00732600732600733,0.0020113598923682,0.0263133673869116
"East Suffolk","E07000244","East of England",3,414,0.0072463768115942,0.00246742056249323,0.0210856726333577
"Hillingdon","E09000017","London",2,277,0.0072202166064982,0.00198228211032481,0.0259390185894432
"Ealing","E09000009","London",2,278,0.00719424460431655,0.00197514355786512,0.0258470897413274
"Preston","E07000123","North West",2,282,0.00709219858156028,0.00194709619185792,0.0254857991377626
"Southampton","E06000045","South East",2,286,0.00699300699300699,0.0019198342285316,0.025134469364196
"Haringey","E09000014","London",2,286,0.00699300699300699,0.0019198342285316,0.025134469364196
"Oadby and Wigston","E07000135","East Midlands",2,287,0.00696864111498258,0.00191313760431911,0.0250481451938408
"Hammersmith and Fulham","E09000013","London",2,287,0.00696864111498258,0.00191313760431911,0.0250481451938408
"Rotherham","E08000018","Yorkshire and The Humber",2,288,0.00694444444444444,0.00190648753511837,0.0249624119433203
"Oxford","E07000178","South East",2,291,0.00687285223367698,0.00188681185291869,0.0247086976526249
"Merton","E09000024","London",2,292,0.00684931506849315,0.00188034323204114,0.0246252684288543
"North Tyneside","E08000022","North East",2,293,0.0068259385665529,0.00187391881286363,0.0245424006994007
"Breckland","E07000143","East of England",3,440,0.00681818181818182,0.00232145131628924,0.0198519140264692
"Gateshead","E08000037","North East",2,294,0.00680272108843537,0.00186753814386641,0.0244600888149272
"South Tyneside","E08000023","North East",2,302,0.00662251655629139,0.00181801559159479,0.0238209505934682
"Hertsmere","E07000098","East of England",2,305,0.00655737704918033,0.00180011509575283,0.0235898013054862
"Barnet","E09000003","London",2,308,0.00649350649350649,0.00178256366609318,0.0233630948051972
"Lewisham","E09000023","London",2,308,0.00649350649350649,0.00178256366609318,0.0233630948051972
"Folkestone and Hythe","E07000112","South East",2,315,0.00634920634920635,0.00174291173099099,0.0228506867605524
"Rochford","E07000075","East of England",2,316,0.00632911392405063,0.00173739071784153,0.0227793146824115
"Harrow","E09000015","London",2,316,0.00632911392405063,0.00173739071784153,0.0227793146824115
"East Devon","E07000040","South West",2,317,0.00630914826498423,0.0017319045720537,0.0227083870583257
"Wellingborough","E07000156","East Midlands",2,325,0.00615384615384615,0.00168923197114284,0.0221564803329429
"Medway","E06000035","South East",2,330,0.00606060606060606,0.00166361324539368,0.0218249577918715
"King's Lynn and West Norfolk","E07000146","East of England",2,331,0.00604229607250755,0.00165858246581015,0.0217598402358219
"Kettering","E07000153","East Midlands",2,334,0.00598802395209581,0.00164367104336211,0.0215667982935463
"Derby","E06000015","East Midlands",2,335,0.00597014925373134,0.0016387599737223,0.0215032098666437
"Three Rivers","E07000102","East of England",2,336,0.00595238095238095,0.00163387816392642,0.0214399953060889
"Elmbridge","E07000207","South East",2,336,0.00595238095238095,0.00163387816392642,0.0214399953060889
"South Bucks","E07000006","South East",2,338,0.00591715976331361,0.00162420128409053,0.0213146746724598
"Gosport","E07000088","South East",2,339,0.00589970501474926,0.00161940570183765,0.0212525621391206
"Surrey Heath","E07000214","South East",2,341,0.00586510263929619,0.00160989899468193,0.0211294167694687
"Welwyn Hatfield","E07000241","East of England",2,345,0.00579710144927536,0.00159121654902405,0.0208873582373653
"Bromsgrove","E07000234","West Midlands",2,346,0.00578034682080925,0.00158661349316812,0.0208277076885679
"Maldon","E07000074","East of England",2,349,0.00573065902578797,0.00157296273907453,0.0206507828686631
"Colchester","E07000071","East of England",2,351,0.0056980056980057,0.00156399198895374,0.0205344934776403
"Rother","E07000064","South East",2,352,0.00568181818181818,0.00155954487557651,0.0204768385370864
"Dover","E07000108","South East",2,352,0.00568181818181818,0.00155954487557651,0.0204768385370864
"Bristol, City of","E06000023","South West",2,353,0.0056657223796034,0.00155512298069095,0.0204195064432805
"Bedford","E06000055","East of England",2,353,0.0056657223796034,0.00155512298069095,0.0204195064432805
"Bassetlaw","E07000171","East Midlands",2,353,0.0056657223796034,0.00155512298069095,0.0204195064432805
"Halton","E06000006","North West",1,177,0.00564971751412429,0.000998011025901439,0.031303535637057
"Charnwood","E07000130","East Midlands",2,354,0.00564971751412429,0.00155072609039154,0.020362494492088
"Central Bedfordshire","E06000056","East of England",2,355,0.00563380281690141,0.00154635399318509,0.0203058000094892
"Erewash","E07000036","East Midlands",2,355,0.00563380281690141,0.00154635399318509,0.0203058000094892
"Bracknell Forest","E06000036","South East",2,358,0.00558659217877095,0.0015333843806686,0.0201375950760549
"Rugby","E07000220","West Midlands",2,358,0.00558659217877095,0.0015333843806686,0.0201375950760549
"Winchester","E07000094","South East",2,359,0.00557103064066852,0.00152910938797391,0.0200821443154491
"Fylde","E07000119","North West",2,359,0.00557103064066852,0.00152910938797391,0.0200821443154491
"North Warwickshire","E07000218","West Midlands",2,359,0.00557103064066852,0.00152910938797391,0.0200821443154491
"Richmond upon Thames","E09000027","London",2,361,0.00554016620498615,0.00152063051680757,0.0199721538998557
"Rutland","E06000017","East Midlands",2,362,0.00552486187845304,0.00151642624509905,0.0199176092684576
"Chelmsford","E07000070","East of England",2,362,0.00552486187845304,0.00151642624509905,0.0199176092684576
"Reading","E06000038","South East",2,363,0.00550964187327824,0.00151224515742982,0.0198633617488956
"Mole Valley","E07000210","South East",2,363,0.00550964187327824,0.00151224515742982,0.0198633617488956
"Cheshire East","E06000049","North West",2,364,0.00549450549450549,0.00150808706255788,0.0198094089201787
"Wycombe","E07000007","South East",2,364,0.00549450549450549,0.00150808706255788,0.0198094089201787
"Tonbridge and Malling","E07000115","South East",2,364,0.00549450549450549,0.00150808706255788,0.0198094089201787
"West Lindsey","E07000142","East Midlands",2,364,0.00549450549450549,0.00150808706255788,0.0198094089201787
"Great Yarmouth","E07000145","East of England",2,366,0.00546448087431694,0.00149983909669731,0.0197023777821189
"Worthing","E07000229","South East",2,369,0.00542005420054201,0.0014876349319275,0.0195439822211027
"Rushcliffe","E07000176","East Midlands",2,372,0.00537634408602151,0.00147562777442015,0.0193881131372367
"Cheshire West and Chester","E06000050","North West",2,373,0.00536193029490617,0.00147166834568766,0.0193367077953918
"Woking","E07000217","South East",2,375,0.00533333333333333,0.00146381289204446,0.0192347105618141
"Cherwell","E07000177","South East",2,380,0.00526315789473684,0.00144453632069963,0.018984363790263
"Horsham","E07000227","South East",2,384,0.00520833333333333,0.00142947679439981,0.0187887300072597
"North Kesteven","E07000139","East Midlands",2,385,0.00519480519480519,0.00142576084720186,0.018740449938233
"Aylesbury Vale","E07000004","South East",2,386,0.00518134715025907,0.00142206416925221,0.0186924173546351
"East Hampshire","E07000085","South East",2,386,0.00518134715025907,0.00142206416925221,0.0186924173546351
"Waverley","E07000216","South East",2,388,0.00515463917525773,0.00141472802465978,0.0185970870709
"South Derbyshire","E07000039","East Midlands",2,394,0.0050761421319797,0.00139316681815444,0.0183168423999352
"Tendring","E07000076","East of England",2,396,0.00505050505050505,0.00138612505755492,0.0182252950383551
"Brent","E09000005","London",1,198,0.00505050505050505,0.000892095189052674,0.0280487322050031
"Cheltenham","E07000078","South West",1,199,0.0050251256281407,0.000887609510040955,0.0279105408023062
"Chesterfield","E07000034","East Midlands",2,402,0.00497512437810945,0.00136542050715855,0.017956062427286
"Broxtowe","E07000172","East Midlands",2,402,0.00497512437810945,0.00136542050715855,0.017956062427286
"St Albans","E07000240","East of England",2,402,0.00497512437810945,0.00136542050715855,0.017956062427286
"North Lincolnshire","E06000013","Yorkshire and The Humber",2,404,0.00495049504950495,0.00135865576008384,0.0178680772046528
"Harrogate","E07000165","Yorkshire and The Humber",2,406,0.00492610837438424,0.00135195771221358,0.0177809500303503
"Hackney","E09000012","London",1,203,0.00492610837438424,0.000870109002473557,0.0273711287745136
"Newark and Sherwood","E07000175","East Midlands",2,407,0.00491400491400491,0.00134863339296808,0.0177377042984683
"South Cambridgeshire","E07000012","East of England",2,413,0.00484261501210654,0.00132902580040188,0.0174825838770011
"East Riding of Yorkshire","E06000011","Yorkshire and The Humber",2,421,0.00475059382422803,0.00130375236942219,0.0171536242775299
"Forest of Dean","E07000080","South West",1,213,0.00469483568075117,0.000829235075975846,0.0261096116393306
"Isle of Wight","E06000046","South East",2,427,0.00468384074941452,0.00128541923010357,0.0169149156266159
"Broadland","E07000144","East of England",2,435,0.00459770114942529,0.001261762320492,0.0166067837411463
"North Devon","E07000043","South West",1,222,0.0045045045045045,0.000795598695541177,0.0250697089906438
"Cotswold","E07000079","South West",1,222,0.0045045045045045,0.000795598695541177,0.0250697089906438
"Mid Devon","E07000042","South West",1,236,0.00423728813559322,0.000748377413329212,0.0236071232970847
"Stevenage","E07000243","East of England",1,239,0.00418410041841004,0.000738978690596283,0.0233156405208921
"Castle Point","E07000069","East of England",1,245,0.00408163265306122,0.000720872112495908,0.0227537484285421
"Manchester","E08000003","North West",1,247,0.00404858299595142,0.000715032167073503,0.0225724213828985
"Kensington and Chelsea","E09000020","London",1,249,0.00401606425702811,0.00070928608268135,0.0223939614936454
"Croydon","E09000008","London",1,256,0.00390625,0.000689882166961793,0.0217909753805825
"Camden","E09000007","London",1,261,0.00383141762452107,0.000676659768028785,0.0213797767381943
"St. Helens","E08000013","North West",1,263,0.00380228136882129,0.000671511645503333,0.0212196099459857
"Corby","E07000150","East Midlands",1,274,0.00364963503649635,0.000644540975467861,0.0203798908911382
"Northumberland","E06000057","North East",1,280,0.00357142857142857,0.000630723280288126,0.0199492823501939
"Wandsworth","E09000032","London",1,297,0.00336700336700337,0.000594606236172848,0.0188224609579326
"Southend-on-Sea","E06000033","East of England",1,309,0.00323624595469256,0.000571505487251422,0.018100760147599
"Hounslow","E09000018","London",1,322,0.0031055900621118,0.000548423420445648,0.0173788803727423
"Test Valley","E07000093","South East",1,327,0.00305810397553517,0.000540034569103008,0.0171163342593878
"County Durham","E06000047","North East",1,328,0.00304878048780488,0.00053838750133287,0.0170647740850874
"Ribble Valley","E07000124","North West",1,330,0.00303030303030303,0.000535123323708782,0.0169625800512084
"Kingston upon Thames","E09000021","London",1,330,0.00303030303030303,0.000535123323708782,0.0169625800512084
"Coventry","E08000026","West Midlands",1,333,0.003003003003003,0.000530300602105781,0.0168115635530534
"Herefordshire, County of","E06000019","West Midlands",1,334,0.0029940119760479,0.000528712287752466,0.0167618204996827
"South Oxfordshire","E07000179","South East",1,338,0.0029585798816568,0.000522453047843725,0.0165657574952728
"Copeland","E07000029","North West",1,341,0.00293255131964809,0.000517855019477496,0.0164216940726503
"Redditch","E07000236","West Midlands",1,345,0.00289855072463768,0.000511848750708409,0.016233462544692
"Torbay","E06000027","South West",1,349,0.00286532951289398,0.000505980210265546,0.0160494972560676
"Dacorum","E07000096","East of England",1,352,0.00284090909090909,0.000501666363647569,0.0159142364939157
"Lancaster","E07000121","North West",1,354,0.00282485875706215,0.000498831100124547,0.0158253221713977
"Vale of White Horse","E07000180","South East",1,354,0.00282485875706215,0.000498831100124547,0.0158253221713977
"Ryedale","E07000167","Yorkshire and The Humber",1,356,0.00280898876404494,0.00049602770456711,0.0157373958699101
"Ashford","E07000105","South East",1,359,0.00278551532033426,0.000491881198175461,0.0156073232303372
"Reigate and Banstead","E07000211","South East",1,362,0.00276243093922652,0.000487803441899075,0.0154793831080461
"West Suffolk","E07000245","East of England",1,363,0.00275482093663912,0.000486459172896594,0.0154372012537983
"Basingstoke and Deane","E07000084","South East",1,365,0.00273972602739726,0.000483792739954787,0.0153535234862937
"Arun","E07000224","South East",1,365,0.00273972602739726,0.000483792739954787,0.0153535234862937
"Adur","E07000223","South East",1,367,0.00272479564032698,0.000481155378749897,0.0152707479798186
"Telford and Wrekin","E06000020","West Midlands",1,369,0.002710027100271,0.000478546616412202,0.0151888602196483
"Braintree","E07000067","East of England",1,369,0.002710027100271,0.000478546616412202,0.0151888602196483
"East Cambridgeshire","E07000009","East of England",1,378,0.00264550264550265,0.000467148921347218,0.0148309772662472
"Doncaster","E08000017","Yorkshire and The Humber",1,380,0.00263157894736842,0.000464689442598829,0.0147537260944859
"Plymouth","E06000026","South West",1,381,0.0026246719160105,0.000463469389356089,0.01471540151139
"Selby","E07000169","Yorkshire and The Humber",1,381,0.0026246719160105,0.000463469389356089,0.01471540151139
"South Lakeland","E07000031","North West",1,384,0.00260416666666667,0.000459847368575371,0.0146016131530929
"West Berkshire","E06000037","South East",1,388,0.00257731958762887,0.000455105162963198,0.0144526048028859
"Wiltshire","E06000054","South West",1,388,0.00257731958762887,0.000455105162963198,0.0144526048028859
"South Holland","E07000140","East Midlands",1,388,0.00257731958762887,0.000455105162963198,0.0144526048028859
"South Hams","E07000044","South West",1,389,0.0025706940874036,0.000453934854856402,0.0144158266978833
"Mendip","E07000187","South West",1,403,0.00248138957816377,0.000438160566538762,0.0139199110951515
"Shropshire","E06000051","West Midlands",1,404,0.00247524752475248,0.000437075678684941,0.0138857909508754
"East Northamptonshire","E07000152","East Midlands",1,407,0.00245700245700246,0.000433853011711383,0.0137844268022631
"Chiltern","E07000005","South East",1,408,0.00245098039215686,0.000432789324171503,0.0137509668168958
"Ipswich","E07000202","East of England",1,410,0.0024390243902439,0.000430677519947541,0.0136845318100705
"Sedgemoor","E07000188","South West",1,415,0.00240963855421687,0.000425487087918075,0.0135212192317991
"Dorset","E06000059","South West",1,417,0.00239808153477218,0.000423445777266973,0.0134569804456232
"Mid Suffolk","E07000203","East of England",1,421,0.00237529691211401,0.000419421357687879,0.0133303168079546
"Lewes","E07000063","South East",1,423,0.00236406619385343,0.000417437698227983,0.0132678749629022
"South Somerset","E07000189","South West",1,433,0.0023094688221709,0.000407794351434818,0.0129642396044627
"Stockton-on-Tees","E06000004","North East",0,252,0,0,0.0106222401656642
"Darlington","E06000005","North East",0,334,0,0,0.00803533979969733
"Peterborough","E06000031","East of England",0,295,0,0,0.00908798480103744
"Thurrock","E06000034","East of England",0,214,0,0,0.0124848834550858
"Wokingham","E06000041","South East",0,391,0,0,0.00687199735710825
"Brighton and Hove","E06000043","South East",0,356,0,0,0.00754251921518366
"Cornwall","E06000052","South West",0,366,0,0,0.00733795165852248
"Cambridge","E07000008","East of England",0,364,0,0,0.00737797260606205
"Huntingdonshire","E07000011","East of England",0,390,0,0,0.00688949646673798
"Allerdale","E07000026","North West",0,348,0,0,0.00771457282211322
"Eden","E07000030","North West",0,400,0,0,0.00671841621768938
"Derbyshire Dales","E07000035","East Midlands",0,431,0,0,0.00623820353447194
"Exeter","E07000041","South West",0,241,0,0,0.0111016902436814
"Teignbridge","E07000045","South West",0,313,0,0,0.00856983195320042
"Wealden","E07000065","South East",0,417,0,0,0.00644628953868303
"Uttlesford","E07000077","East of England",0,384,0,0,0.00699639169878251
"Rushmoor","E07000092","South East",0,323,0,0,0.00830671601534079
"North Hertfordshire","E07000099","East of England",0,346,0,0,0.0077588197402763
"South Ribble","E07000126","North West",0,289,0,0,0.00927491271526409
"West Lancashire","E07000127","North West",0,303,0,0,0.00885016157550206
"North Norfolk","E07000147","East of England",0,398,0,0,0.0067519491514231
"South Norfolk","E07000149","East of England",0,434,0,0,0.00619534946292663
"South Northamptonshire","E07000155","East Midlands",0,407,0,0,0.00660362911198576
"West Oxfordshire","E07000181","South East",0,337,0,0,0.00796437828651746
"Babergh","E07000200","East of England",0,433,0,0,0.00620956858305489
"Tandridge","E07000215","South East",0,344,0,0,0.00780357714255478
"Stratford-on-Avon","E07000221","West Midlands",0,382,0,0,0.00703276440938067
"Chichester","E07000225","South East",0,413,0,0,0.00650831699672577
"Malvern Hills","E07000235","West Midlands",0,370,0,0,0.00725919831785019
"Wychavon","E07000238","West Midlands",0,364,0,0,0.00737797260606205
"East Hertfordshire","E07000242","East of England",0,364,0,0,0.00737797260606205
"Somerset West and Taunton","E07000246","South West",0,400,0,0,0.00671841621768938
"Knowsley","E08000011","North West",0,184,0,0,0.0144909647782398
"Liverpool","E08000012","North West",0,139,0,0,0.0190927142872985
"Barnsley","E08000016","Yorkshire and The Humber",0,309,0,0,0.00867980538335807
"Bromley","E09000006","London",0,334,0,0,0.00803533979969733
"Greenwich","E09000011","London",0,292,0,0,0.00918049732755311
